time,name,value,status,warning_threshold,critical_threshold
8/31/2018 0:00,WINPRODWEB01,19.67,GREEN,60,85
8/31/2018 0:05,WINPRODWEB01,25.64,GREEN,60,85
8/31/2018 0:10,WINPRODWEB01,12.1,GREEN,60,85
8/31/2018 0:15,WINPRODWEB01,38.45,GREEN,60,85
8/31/2018 0:20,WINPRODWEB01,36.06,GREEN,60,85
8/31/2018 0:25,WINPRODWEB01,34.86,GREEN,60,85
8/31/2018 0:30,WINPRODWEB01,24.21,GREEN,60,85
8/31/2018 0:35,WINPRODWEB01,21.67,GREEN,60,85
8/31/2018 0:40,WINPRODWEB01,10.19,GREEN,60,85
8/31/2018 0:45,WINPRODWEB01,34.25,GREEN,60,85
8/31/2018 0:50,WINPRODWEB01,22.11,GREEN,60,85
8/31/2018 0:55,WINPRODWEB01,53.28,GREEN,60,85
8/31/2018 1:00,WINPRODWEB01,40.56,GREEN,60,85
8/31/2018 1:05,WINPRODWEB01,44.42,AMBER,60,85
8/31/2018 1:10,WINPRODWEB01,20.85,AMBER,60,85
8/31/2018 1:15,WINPRODWEB01,50.4,AMBER,60,85
8/31/2018 1:20,WINPRODWEB01,45.41,AMBER,60,85
8/31/2018 1:25,WINPRODWEB01,40.49,AMBER,60,85
8/31/2018 1:30,WINPRODWEB01,18.54,AMBER,60,85
8/31/2018 1:35,WINPRODWEB01,24.39,RED,60,85
8/31/2018 1:40,WINPRODWEB01,26.74,RED,60,85
8/31/2018 1:45,WINPRODWEB01,36.62,RED,60,85
8/31/2018 1:50,WINPRODWEB01,20.44,RED,60,85
8/31/2018 1:55,WINPRODWEB01,44.2,RED,60,85
8/31/2018 2:00,WINPRODWEB01,44.31,RED,60,85
8/31/2018 2:05,WINPRODWEB01,17.56,RED,60,85
8/31/2018 2:10,WINPRODWEB01,15.92,RED,60,85
8/31/2018 2:15,WINPRODWEB01,53.93,RED,60,85
8/31/2018 2:20,WINPRODWEB01,41.9,RED,60,85
8/31/2018 2:25,WINPRODWEB01,42.44,RED,60,85
8/31/2018 2:30,WINPRODWEB01,45.09,RED,60,85
8/31/2018 2:35,WINPRODWEB01,39.65,RED,60,85
8/31/2018 2:40,WINPRODWEB01,53.13,RED,60,85
8/31/2018 2:45,WINPRODWEB01,19.26,RED,60,85
8/31/2018 2:50,WINPRODWEB01,41.84,RED,60,85
8/31/2018 2:55,WINPRODWEB01,50.42,RED,60,85
8/31/2018 3:00,WINPRODWEB01,27.32,RED,60,85
8/31/2018 3:05,WINPRODWEB01,24.52,RED,60,85
8/31/2018 3:10,WINPRODWEB01,35.54,RED,60,85
8/31/2018 3:15,WINPRODWEB01,42.12,RED,60,85
8/31/2018 3:20,WINPRODWEB01,50.47,RED,60,85
8/31/2018 3:25,WINPRODWEB01,39.27,RED,60,85
8/31/2018 3:30,WINPRODWEB01,39.82,RED,60,85
8/31/2018 3:35,WINPRODWEB01,48.85,RED,60,85
8/31/2018 3:40,WINPRODWEB01,30.27,RED,60,85
8/31/2018 3:45,WINPRODWEB01,53.16,RED,60,85
8/31/2018 3:50,WINPRODWEB01,18.42,RED,60,85
8/31/2018 3:55,WINPRODWEB01,28.16,RED,60,85
8/31/2018 4:00,WINPRODWEB01,33.69,RED,60,85
8/31/2018 4:05,WINPRODWEB01,48.61,RED,60,85
8/31/2018 4:10,WINPRODWEB01,48.56,RED,60,85
8/31/2018 4:15,WINPRODWEB01,34.1,RED,60,85
8/31/2018 4:20,WINPRODWEB01,40.1,RED,60,85
8/31/2018 4:25,WINPRODWEB01,35.48,RED,60,85
8/31/2018 4:30,WINPRODWEB01,11.51,RED,60,85
8/31/2018 4:35,WINPRODWEB01,33,RED,60,85
8/31/2018 4:40,WINPRODWEB01,29.8,RED,60,85
8/31/2018 4:45,WINPRODWEB01,12.93,RED,60,85
8/31/2018 4:50,WINPRODWEB01,32.16,RED,60,85
8/31/2018 4:55,WINPRODWEB01,51.15,RED,60,85
8/31/2018 5:00,WINPRODWEB01,36.26,RED,60,85
8/31/2018 5:05,WINPRODWEB01,23.16,RED,60,85
8/31/2018 5:10,WINPRODWEB01,15.94,RED,60,85
8/31/2018 5:15,WINPRODWEB01,18.95,RED,60,85
8/31/2018 5:20,WINPRODWEB01,47.76,RED,60,85
8/31/2018 5:25,WINPRODWEB01,13.64,RED,60,85
8/31/2018 5:30,WINPRODWEB01,39.97,RED,60,85
8/31/2018 5:35,WINPRODWEB01,22.73,RED,60,85
8/31/2018 5:40,WINPRODWEB01,22.18,RED,60,85
8/31/2018 5:45,WINPRODWEB01,29.33,GREEN,60,85
8/31/2018 5:50,WINPRODWEB01,53.39,GREEN,60,85
8/31/2018 5:55,WINPRODWEB01,51.82,GREEN,60,85
8/31/2018 6:00,WINPRODWEB01,16.6,GREEN,60,85
8/31/2018 6:05,WINPRODWEB01,47,GREEN,60,85
8/31/2018 6:10,WINPRODWEB01,44.89,GREEN,60,85
8/31/2018 6:15,WINPRODWEB01,24.44,GREEN,60,85
8/31/2018 6:20,WINPRODWEB01,31.37,GREEN,60,85
8/31/2018 6:25,WINPRODWEB01,12.33,GREEN,60,85
8/31/2018 6:30,WINPRODWEB01,22.11,GREEN,60,85
8/31/2018 6:35,WINPRODWEB01,16.24,GREEN,60,85
8/31/2018 6:40,WINPRODWEB01,29.29,GREEN,60,85
8/31/2018 6:45,WINPRODWEB01,31.07,GREEN,60,85
8/31/2018 6:50,WINPRODWEB01,54.06,GREEN,60,85
8/31/2018 6:55,WINPRODWEB01,54.59,GREEN,60,85
8/31/2018 7:00,WINPRODWEB01,15.8,GREEN,60,85
8/31/2018 7:05,WINPRODWEB01,42.66,GREEN,60,85
8/31/2018 7:10,WINPRODWEB01,30.25,GREEN,60,85
8/31/2018 7:15,WINPRODWEB01,38.45,GREEN,60,85
8/31/2018 7:20,WINPRODWEB01,45.09,GREEN,60,85
8/31/2018 7:25,WINPRODWEB01,45.91,GREEN,60,85
8/31/2018 7:30,WINPRODWEB01,19.36,GREEN,60,85
8/31/2018 7:35,WINPRODWEB01,10.59,GREEN,60,85
8/31/2018 7:40,WINPRODWEB01,38.24,GREEN,60,85
8/31/2018 7:45,WINPRODWEB01,17.84,GREEN,60,85
8/31/2018 7:50,WINPRODWEB01,17.13,GREEN,60,85
8/31/2018 7:55,WINPRODWEB01,24.9,GREEN,60,85
8/31/2018 8:00,WINPRODWEB01,21.8,GREEN,60,85
8/31/2018 8:05,WINPRODWEB01,34.34,GREEN,60,85
8/31/2018 8:10,WINPRODWEB01,39.13,GREEN,60,85
8/31/2018 8:15,WINPRODWEB01,25.65,GREEN,60,85
8/31/2018 8:20,WINPRODWEB01,21.36,GREEN,60,85
8/31/2018 8:25,WINPRODWEB01,14.79,GREEN,60,85
8/31/2018 8:30,WINPRODWEB01,50.07,GREEN,60,85
8/31/2018 8:35,WINPRODWEB01,40.48,GREEN,60,85
8/31/2018 8:40,WINPRODWEB01,35.33,GREEN,60,85
8/31/2018 8:45,WINPRODWEB01,25.18,GREEN,60,85
8/31/2018 8:50,WINPRODWEB01,31.75,GREEN,60,85
8/31/2018 8:55,WINPRODWEB01,33.7,GREEN,60,85
8/31/2018 9:00,WINPRODWEB01,44.91,GREEN,60,85
8/31/2018 9:05,WINPRODWEB01,17.4,GREEN,60,85
8/31/2018 9:10,WINPRODWEB01,17.62,GREEN,60,85
8/31/2018 9:15,WINPRODWEB01,47.3,GREEN,60,85
8/31/2018 9:20,WINPRODWEB01,40.06,GREEN,60,85
8/31/2018 9:25,WINPRODWEB01,47.63,GREEN,60,85
8/31/2018 9:30,WINPRODWEB01,10.32,GREEN,60,85
8/31/2018 9:35,WINPRODWEB01,29.77,GREEN,60,85
8/31/2018 9:40,WINPRODWEB01,47.87,GREEN,60,85
8/31/2018 9:45,WINPRODWEB01,42.71,GREEN,60,85
8/31/2018 9:50,WINPRODWEB01,18.86,GREEN,60,85
8/31/2018 9:55,WINPRODWEB01,40.44,GREEN,60,85
8/31/2018 10:00,WINPRODWEB01,31.91,GREEN,60,85
8/31/2018 10:05,WINPRODWEB01,43.06,GREEN,60,85
8/31/2018 10:10,WINPRODWEB01,37.6,GREEN,60,85
8/31/2018 10:15,WINPRODWEB01,24.75,GREEN,60,85
8/31/2018 10:20,WINPRODWEB01,25.47,GREEN,60,85
8/31/2018 10:25,WINPRODWEB01,33.69,GREEN,60,85
8/31/2018 10:30,WINPRODWEB01,23.49,GREEN,60,85
8/31/2018 10:35,WINPRODWEB01,47.9,GREEN,60,85
8/31/2018 10:40,WINPRODWEB01,22.59,GREEN,60,85
8/31/2018 10:45,WINPRODWEB01,30.26,GREEN,60,85
8/31/2018 10:50,WINPRODWEB01,18.92,GREEN,60,85
8/31/2018 10:55,WINPRODWEB01,30.59,GREEN,60,85
8/31/2018 11:00,WINPRODWEB01,37.56,GREEN,60,85
8/31/2018 11:05,WINPRODWEB01,36.53,GREEN,60,85
8/31/2018 11:10,WINPRODWEB01,10.04,GREEN,60,85
8/31/2018 11:15,WINPRODWEB01,49.1,GREEN,60,85
8/31/2018 11:20,WINPRODWEB01,37.66,GREEN,60,85
8/31/2018 11:25,WINPRODWEB01,42.63,GREEN,60,85
8/31/2018 11:30,WINPRODWEB01,25.98,GREEN,60,85
8/31/2018 11:35,WINPRODWEB01,31.4,GREEN,60,85
8/31/2018 11:40,WINPRODWEB01,26.28,GREEN,60,85
8/31/2018 11:45,WINPRODWEB01,23.22,GREEN,60,85
8/31/2018 11:50,WINPRODWEB01,50.13,GREEN,60,85
8/31/2018 11:55,WINPRODWEB01,26.48,GREEN,60,85
8/31/2018 12:00,WINPRODWEB01,18.79,GREEN,60,85
8/31/2018 12:05,WINPRODWEB01,13.24,GREEN,60,85
8/31/2018 12:10,WINPRODWEB01,13.78,GREEN,60,85
8/31/2018 12:15,WINPRODWEB01,47.58,GREEN,60,85
8/31/2018 12:20,WINPRODWEB01,50.28,GREEN,60,85
8/31/2018 12:25,WINPRODWEB01,36.89,GREEN,60,85
8/31/2018 12:30,WINPRODWEB01,53.97,GREEN,60,85
8/31/2018 12:35,WINPRODWEB01,51.77,GREEN,60,85
8/31/2018 12:40,WINPRODWEB01,26.99,GREEN,60,85
8/31/2018 12:45,WINPRODWEB01,26.04,GREEN,60,85
8/31/2018 12:50,WINPRODWEB01,78,AMBER,60,85
8/31/2018 12:55,WINPRODWEB01,62.95,AMBER,60,85
8/31/2018 13:00,WINPRODWEB01,69.67,AMBER,60,85
8/31/2018 13:05,WINPRODWEB01,62.77,AMBER,60,85
8/31/2018 13:10,WINPRODWEB01,68.9,AMBER,60,85
8/31/2018 13:15,WINPRODWEB01,62.95,AMBER,60,85
8/31/2018 13:20,WINPRODWEB01,74.48,AMBER,60,85
8/31/2018 13:25,WINPRODWEB01,74.47,AMBER,60,85
8/31/2018 13:30,WINPRODWEB01,61.63,AMBER,60,85
8/31/2018 13:35,WINPRODWEB01,70.72,AMBER,60,85
8/31/2018 13:40,WINPRODWEB01,60.78,AMBER,60,85
8/31/2018 13:45,WINPRODWEB01,65.02,AMBER,60,85
8/31/2018 13:50,WINPRODWEB01,60.64,AMBER,60,85
8/31/2018 13:55,WINPRODWEB01,63.31,RED,60,85
8/31/2018 14:00,WINPRODWEB01,69.31,RED,60,85
8/31/2018 14:05,WINPRODWEB01,74.47,RED,60,85
8/31/2018 14:10,WINPRODWEB01,62.84,RED,60,85
8/31/2018 14:15,WINPRODWEB01,78.31,RED,60,85
8/31/2018 14:20,WINPRODWEB01,61.46,RED,60,85
8/31/2018 14:25,WINPRODWEB01,87.36,RED,60,85
8/31/2018 14:30,WINPRODWEB01,91.47,RED,60,85
8/31/2018 14:35,WINPRODWEB01,88.42,RED,60,85
8/31/2018 14:40,WINPRODWEB01,92.26,RED,60,85
8/31/2018 14:45,WINPRODWEB01,93.67,RED,60,85
8/31/2018 14:50,WINPRODWEB01,88.96,RED,60,85
8/31/2018 14:55,WINPRODWEB01,99.62,RED,60,85
8/31/2018 15:00,WINPRODWEB01,87.89,RED,60,85
8/31/2018 15:05,WINPRODWEB01,87.87,RED,60,85
8/31/2018 15:10,WINPRODWEB01,85.7,RED,60,85
8/31/2018 15:15,WINPRODWEB01,94.39,RED,60,85
8/31/2018 15:20,WINPRODWEB01,89.16,RED,60,85
8/31/2018 15:25,WINPRODWEB01,90.95,RED,60,85
8/31/2018 15:30,WINPRODWEB01,98.65,RED,60,85
8/31/2018 15:35,WINPRODWEB01,95.57,RED,60,85
8/31/2018 15:40,WINPRODWEB01,86.31,RED,60,85
8/31/2018 15:45,WINPRODWEB01,78.38,RED,60,85
8/31/2018 15:50,WINPRODWEB01,78.37,RED,60,85
8/31/2018 15:55,WINPRODWEB01,75.4,RED,60,85
8/31/2018 16:00,WINPRODWEB01,71.4,AMBER,60,85
8/31/2018 16:05,WINPRODWEB01,79.1,AMBER,60,85
8/31/2018 16:10,WINPRODWEB01,66.48,AMBER,60,85
8/31/2018 16:15,WINPRODWEB01,62.05,AMBER,60,85
8/31/2018 16:20,WINPRODWEB01,76.98,AMBER,60,85
8/31/2018 16:25,WINPRODWEB01,79.72,AMBER,60,85
8/31/2018 16:30,WINPRODWEB01,79.46,AMBER,60,85
8/31/2018 16:35,WINPRODWEB01,61.87,AMBER,60,85
8/31/2018 16:40,WINPRODWEB01,65.08,AMBER,60,85
8/31/2018 16:45,WINPRODWEB01,78.7,AMBER,60,85
8/31/2018 16:50,WINPRODWEB01,78.86,AMBER,60,85
8/31/2018 16:55,WINPRODWEB01,63.86,AMBER,60,85
8/31/2018 17:00,WINPRODWEB01,76.19,AMBER,60,85
8/31/2018 17:05,WINPRODWEB01,63.78,AMBER,60,85
8/31/2018 17:10,WINPRODWEB01,64.26,AMBER,60,85
8/31/2018 17:15,WINPRODWEB01,21.69,AMBER,60,85
8/31/2018 17:20,WINPRODWEB01,29.36,AMBER,60,85
8/31/2018 17:25,WINPRODWEB01,30.69,AMBER,60,85
8/31/2018 17:30,WINPRODWEB01,45.46,GREEN,60,85
8/31/2018 17:35,WINPRODWEB01,18.55,GREEN,60,85
8/31/2018 17:40,WINPRODWEB01,15.9,GREEN,60,85
8/31/2018 17:45,WINPRODWEB01,32.8,GREEN,60,85
8/31/2018 17:50,WINPRODWEB01,29.24,GREEN,60,85
8/31/2018 17:55,WINPRODWEB01,51.64,GREEN,60,85
8/31/2018 18:00,WINPRODWEB01,12.64,GREEN,60,85
8/31/2018 18:05,WINPRODWEB01,27.65,GREEN,60,85
8/31/2018 18:10,WINPRODWEB01,25.39,GREEN,60,85
8/31/2018 18:15,WINPRODWEB01,24.8,GREEN,60,85
8/31/2018 18:20,WINPRODWEB01,11.95,GREEN,60,85
8/31/2018 18:25,WINPRODWEB01,40.85,GREEN,60,85
8/31/2018 18:30,WINPRODWEB01,47.77,GREEN,60,85
8/31/2018 18:35,WINPRODWEB01,14.65,GREEN,60,85
8/31/2018 18:40,WINPRODWEB01,48.71,GREEN,60,85
8/31/2018 18:45,WINPRODWEB01,20.64,GREEN,60,85
8/31/2018 18:50,WINPRODWEB01,14.41,GREEN,60,85
8/31/2018 18:55,WINPRODWEB01,33.95,GREEN,60,85
8/31/2018 19:00,WINPRODWEB01,31.13,GREEN,60,85
8/31/2018 19:05,WINPRODWEB01,48.11,GREEN,60,85
8/31/2018 19:10,WINPRODWEB01,21.74,GREEN,60,85
8/31/2018 19:15,WINPRODWEB01,35.55,GREEN,60,85
8/31/2018 19:20,WINPRODWEB01,48.43,GREEN,60,85
8/31/2018 19:25,WINPRODWEB01,24.69,GREEN,60,85
8/31/2018 19:30,WINPRODWEB01,21.4,GREEN,60,85
8/31/2018 19:35,WINPRODWEB01,43.1,GREEN,60,85
8/31/2018 19:40,WINPRODWEB01,14.04,GREEN,60,85
8/31/2018 19:45,WINPRODWEB01,46.62,GREEN,60,85
8/31/2018 19:50,WINPRODWEB01,37.22,GREEN,60,85
8/31/2018 19:55,WINPRODWEB01,54.86,GREEN,60,85
8/31/2018 20:00,WINPRODWEB01,43.33,GREEN,60,85
8/31/2018 20:05,WINPRODWEB01,18.18,GREEN,60,85
8/31/2018 20:10,WINPRODWEB01,41.44,GREEN,60,85
8/31/2018 20:15,WINPRODWEB01,35.44,GREEN,60,85
8/31/2018 20:20,WINPRODWEB01,18.84,GREEN,60,85
8/31/2018 20:25,WINPRODWEB01,51.22,GREEN,60,85
8/31/2018 20:30,WINPRODWEB01,28.82,GREEN,60,85
8/31/2018 20:35,WINPRODWEB01,35.66,GREEN,60,85
8/31/2018 20:40,WINPRODWEB01,28.42,GREEN,60,85
8/31/2018 20:45,WINPRODWEB01,30.69,GREEN,60,85
8/31/2018 20:50,WINPRODWEB01,41.59,GREEN,60,85
8/31/2018 20:55,WINPRODWEB01,23.35,GREEN,60,85
8/31/2018 21:00,WINPRODWEB01,53.55,GREEN,60,85
8/31/2018 21:05,WINPRODWEB01,54.8,GREEN,60,85
8/31/2018 21:10,WINPRODWEB01,20.53,GREEN,60,85
8/31/2018 21:15,WINPRODWEB01,31.91,GREEN,60,85
8/31/2018 21:20,WINPRODWEB01,44.45,GREEN,60,85
8/31/2018 21:25,WINPRODWEB01,18.61,GREEN,60,85
8/31/2018 21:30,WINPRODWEB01,54.22,GREEN,60,85
8/31/2018 21:35,WINPRODWEB01,34.44,GREEN,60,85
8/31/2018 21:40,WINPRODWEB01,15.99,GREEN,60,85
8/31/2018 21:45,WINPRODWEB01,43.76,GREEN,60,85
8/31/2018 21:50,WINPRODWEB01,28.22,GREEN,60,85
8/31/2018 21:55,WINPRODWEB01,22.9,GREEN,60,85
8/31/2018 22:00,WINPRODWEB01,33.15,GREEN,60,85
8/31/2018 22:05,WINPRODWEB01,38.93,GREEN,60,85
8/31/2018 22:10,WINPRODWEB01,35.95,GREEN,60,85
8/31/2018 22:15,WINPRODWEB01,14.19,GREEN,60,85
8/31/2018 22:20,WINPRODWEB01,10.54,GREEN,60,85
8/31/2018 22:25,WINPRODWEB01,47.25,GREEN,60,85
8/31/2018 22:30,WINPRODWEB01,51.56,GREEN,60,85
8/31/2018 22:35,WINPRODWEB01,29.77,GREEN,60,85
8/31/2018 22:40,WINPRODWEB01,46.11,GREEN,60,85
8/31/2018 22:45,WINPRODWEB01,28.96,GREEN,60,85
8/31/2018 22:50,WINPRODWEB01,37.89,GREEN,60,85
8/31/2018 22:55,WINPRODWEB01,45.72,GREEN,60,85
8/31/2018 23:00,WINPRODWEB01,45.14,GREEN,60,85
8/31/2018 23:05,WINPRODWEB01,40.44,GREEN,60,85
8/31/2018 23:10,WINPRODWEB01,36.57,GREEN,60,85
8/31/2018 23:15,WINPRODWEB01,35.7,GREEN,60,85
8/31/2018 23:20,WINPRODWEB01,29.04,GREEN,60,85
8/31/2018 23:25,WINPRODWEB01,11.38,GREEN,60,85
8/31/2018 23:30,WINPRODWEB01,53.52,GREEN,60,85
8/31/2018 23:35,WINPRODWEB01,41.11,GREEN,60,85
8/31/2018 23:40,WINPRODWEB01,25.92,GREEN,60,85
8/31/2018 23:45,WINPRODWEB01,41.36,GREEN,60,85
8/31/2018 23:50,WINPRODWEB01,42.4,GREEN,60,85
8/31/2018 23:55,WINPRODWEB01,42.75,GREEN,60,85
8/31/2018 0:00,WINPRODWEB02,35.67,GREEN,60,85
8/31/2018 0:05,WINPRODWEB02,40.34,GREEN,60,85
8/31/2018 0:10,WINPRODWEB02,10.95,GREEN,60,85
8/31/2018 0:15,WINPRODWEB02,28.8,GREEN,60,85
8/31/2018 0:20,WINPRODWEB02,45.69,GREEN,60,85
8/31/2018 0:25,WINPRODWEB02,29.69,GREEN,60,85
8/31/2018 0:30,WINPRODWEB02,44.5,GREEN,60,85
8/31/2018 0:35,WINPRODWEB02,21.31,GREEN,60,85
8/31/2018 0:40,WINPRODWEB02,11.58,GREEN,60,85
8/31/2018 0:45,WINPRODWEB02,51.12,GREEN,60,85
8/31/2018 0:50,WINPRODWEB02,20.33,GREEN,60,85
8/31/2018 0:55,WINPRODWEB02,43.74,GREEN,60,85
8/31/2018 1:00,WINPRODWEB02,32.52,GREEN,60,85
8/31/2018 1:05,WINPRODWEB02,36.95,AMBER,60,85
8/31/2018 1:10,WINPRODWEB02,33.12,AMBER,60,85
8/31/2018 1:15,WINPRODWEB02,19.66,AMBER,60,85
8/31/2018 1:20,WINPRODWEB02,17.96,AMBER,60,85
8/31/2018 1:25,WINPRODWEB02,28.23,AMBER,60,85
8/31/2018 1:30,WINPRODWEB02,29.46,AMBER,60,85
8/31/2018 1:35,WINPRODWEB02,19,RED,60,85
8/31/2018 1:40,WINPRODWEB02,33.04,RED,60,85
8/31/2018 1:45,WINPRODWEB02,29.12,RED,60,85
8/31/2018 1:50,WINPRODWEB02,44.38,RED,60,85
8/31/2018 1:55,WINPRODWEB02,22.9,RED,60,85
8/31/2018 2:00,WINPRODWEB02,17.29,RED,60,85
8/31/2018 2:05,WINPRODWEB02,48.53,RED,60,85
8/31/2018 2:10,WINPRODWEB02,53.02,RED,60,85
8/31/2018 2:15,WINPRODWEB02,20.76,RED,60,85
8/31/2018 2:20,WINPRODWEB02,24.78,RED,60,85
8/31/2018 2:25,WINPRODWEB02,20.51,RED,60,85
8/31/2018 2:30,WINPRODWEB02,28.64,RED,60,85
8/31/2018 2:35,WINPRODWEB02,16.23,RED,60,85
8/31/2018 2:40,WINPRODWEB02,54.55,RED,60,85
8/31/2018 2:45,WINPRODWEB02,13.12,RED,60,85
8/31/2018 2:50,WINPRODWEB02,27.06,RED,60,85
8/31/2018 2:55,WINPRODWEB02,39.25,RED,60,85
8/31/2018 3:00,WINPRODWEB02,49.44,RED,60,85
8/31/2018 3:05,WINPRODWEB02,20.92,RED,60,85
8/31/2018 3:10,WINPRODWEB02,19.26,RED,60,85
8/31/2018 3:15,WINPRODWEB02,39.04,RED,60,85
8/31/2018 3:20,WINPRODWEB02,48.08,RED,60,85
8/31/2018 3:25,WINPRODWEB02,29.96,RED,60,85
8/31/2018 3:30,WINPRODWEB02,47.45,RED,60,85
8/31/2018 3:35,WINPRODWEB02,29.62,RED,60,85
8/31/2018 3:40,WINPRODWEB02,24.76,RED,60,85
8/31/2018 3:45,WINPRODWEB02,50.18,RED,60,85
8/31/2018 3:50,WINPRODWEB02,23.41,RED,60,85
8/31/2018 3:55,WINPRODWEB02,50.79,RED,60,85
8/31/2018 4:00,WINPRODWEB02,29.18,RED,60,85
8/31/2018 4:05,WINPRODWEB02,14.61,RED,60,85
8/31/2018 4:10,WINPRODWEB02,26.73,RED,60,85
8/31/2018 4:15,WINPRODWEB02,48.19,RED,60,85
8/31/2018 4:20,WINPRODWEB02,54.89,RED,60,85
8/31/2018 4:25,WINPRODWEB02,32.46,RED,60,85
8/31/2018 4:30,WINPRODWEB02,36.34,RED,60,85
8/31/2018 4:35,WINPRODWEB02,18.26,RED,60,85
8/31/2018 4:40,WINPRODWEB02,13.79,RED,60,85
8/31/2018 4:45,WINPRODWEB02,33.88,RED,60,85
8/31/2018 4:50,WINPRODWEB02,35.86,RED,60,85
8/31/2018 4:55,WINPRODWEB02,48.56,RED,60,85
8/31/2018 5:00,WINPRODWEB02,13.44,GREEN,60,85
8/31/2018 5:05,WINPRODWEB02,12.73,GREEN,60,85
8/31/2018 5:10,WINPRODWEB02,49.98,GREEN,60,85
8/31/2018 5:15,WINPRODWEB02,46.51,GREEN,60,85
8/31/2018 5:20,WINPRODWEB02,45,GREEN,60,85
8/31/2018 5:25,WINPRODWEB02,30.69,GREEN,60,85
8/31/2018 5:30,WINPRODWEB02,19.08,GREEN,60,85
8/31/2018 5:35,WINPRODWEB02,50.18,GREEN,60,85
8/31/2018 5:40,WINPRODWEB02,46.16,GREEN,60,85
8/31/2018 5:45,WINPRODWEB02,48.42,GREEN,60,85
8/31/2018 5:50,WINPRODWEB02,49.67,GREEN,60,85
8/31/2018 5:55,WINPRODWEB02,32.94,GREEN,60,85
8/31/2018 6:00,WINPRODWEB02,28.58,GREEN,60,85
8/31/2018 6:05,WINPRODWEB02,53.11,GREEN,60,85
8/31/2018 6:10,WINPRODWEB02,35.45,GREEN,60,85
8/31/2018 6:15,WINPRODWEB02,38.1,GREEN,60,85
8/31/2018 6:20,WINPRODWEB02,47.27,GREEN,60,85
8/31/2018 6:25,WINPRODWEB02,49.14,GREEN,60,85
8/31/2018 6:30,WINPRODWEB02,37.18,GREEN,60,85
8/31/2018 6:35,WINPRODWEB02,37.58,GREEN,60,85
8/31/2018 6:40,WINPRODWEB02,23.22,GREEN,60,85
8/31/2018 6:45,WINPRODWEB02,33.82,GREEN,60,85
8/31/2018 6:50,WINPRODWEB02,38.21,GREEN,60,85
8/31/2018 6:55,WINPRODWEB02,52.71,GREEN,60,85
8/31/2018 7:00,WINPRODWEB02,29.93,GREEN,60,85
8/31/2018 7:05,WINPRODWEB02,36.9,GREEN,60,85
8/31/2018 7:10,WINPRODWEB02,47.66,GREEN,60,85
8/31/2018 7:15,WINPRODWEB02,42.27,GREEN,60,85
8/31/2018 7:20,WINPRODWEB02,26.52,GREEN,60,85
8/31/2018 7:25,WINPRODWEB02,12.51,GREEN,60,85
8/31/2018 7:30,WINPRODWEB02,51.99,GREEN,60,85
8/31/2018 7:35,WINPRODWEB02,14.03,GREEN,60,85
8/31/2018 7:40,WINPRODWEB02,32.75,GREEN,60,85
8/31/2018 7:45,WINPRODWEB02,27.06,GREEN,60,85
8/31/2018 7:50,WINPRODWEB02,16.84,GREEN,60,85
8/31/2018 7:55,WINPRODWEB02,28.26,GREEN,60,85
8/31/2018 8:00,WINPRODWEB02,35.71,GREEN,60,85
8/31/2018 8:05,WINPRODWEB02,12.74,GREEN,60,85
8/31/2018 8:10,WINPRODWEB02,16.31,GREEN,60,85
8/31/2018 8:15,WINPRODWEB02,24.94,GREEN,60,85
8/31/2018 8:20,WINPRODWEB02,40,GREEN,60,85
8/31/2018 8:25,WINPRODWEB02,32.54,GREEN,60,85
8/31/2018 8:30,WINPRODWEB02,34.67,GREEN,60,85
8/31/2018 8:35,WINPRODWEB02,31.5,GREEN,60,85
8/31/2018 8:40,WINPRODWEB02,32.33,GREEN,60,85
8/31/2018 8:45,WINPRODWEB02,53.8,GREEN,60,85
8/31/2018 8:50,WINPRODWEB02,49.89,GREEN,60,85
8/31/2018 8:55,WINPRODWEB02,38.58,GREEN,60,85
8/31/2018 9:00,WINPRODWEB02,19.16,GREEN,60,85
8/31/2018 9:05,WINPRODWEB02,51.09,GREEN,60,85
8/31/2018 9:10,WINPRODWEB02,28.7,GREEN,60,85
8/31/2018 9:15,WINPRODWEB02,24.56,GREEN,60,85
8/31/2018 9:20,WINPRODWEB02,43.06,GREEN,60,85
8/31/2018 9:25,WINPRODWEB02,26.49,GREEN,60,85
8/31/2018 9:30,WINPRODWEB02,45.3,GREEN,60,85
8/31/2018 9:35,WINPRODWEB02,18.23,GREEN,60,85
8/31/2018 9:40,WINPRODWEB02,19.76,GREEN,60,85
8/31/2018 9:45,WINPRODWEB02,11.26,GREEN,60,85
8/31/2018 9:50,WINPRODWEB02,32.74,GREEN,60,85
8/31/2018 9:55,WINPRODWEB02,24.57,GREEN,60,85
8/31/2018 10:00,WINPRODWEB02,34.72,GREEN,60,85
8/31/2018 10:05,WINPRODWEB02,20.88,GREEN,60,85
8/31/2018 10:10,WINPRODWEB02,16.93,GREEN,60,85
8/31/2018 10:15,WINPRODWEB02,10.85,GREEN,60,85
8/31/2018 10:20,WINPRODWEB02,13.3,GREEN,60,85
8/31/2018 10:25,WINPRODWEB02,42.68,GREEN,60,85
8/31/2018 10:30,WINPRODWEB02,41.77,GREEN,60,85
8/31/2018 10:35,WINPRODWEB02,26.59,GREEN,60,85
8/31/2018 10:40,WINPRODWEB02,28.34,GREEN,60,85
8/31/2018 10:45,WINPRODWEB02,28.69,GREEN,60,85
8/31/2018 10:50,WINPRODWEB02,54.75,GREEN,60,85
8/31/2018 10:55,WINPRODWEB02,28.03,GREEN,60,85
8/31/2018 11:00,WINPRODWEB02,40.74,GREEN,60,85
8/31/2018 11:05,WINPRODWEB02,21.71,GREEN,60,85
8/31/2018 11:10,WINPRODWEB02,34.27,GREEN,60,85
8/31/2018 11:15,WINPRODWEB02,23.44,GREEN,60,85
8/31/2018 11:20,WINPRODWEB02,27.74,GREEN,60,85
8/31/2018 11:25,WINPRODWEB02,43.02,GREEN,60,85
8/31/2018 11:30,WINPRODWEB02,31.5,GREEN,60,85
8/31/2018 11:35,WINPRODWEB02,28.94,GREEN,60,85
8/31/2018 11:40,WINPRODWEB02,53.78,GREEN,60,85
8/31/2018 11:45,WINPRODWEB02,43.23,GREEN,60,85
8/31/2018 11:50,WINPRODWEB02,46.3,GREEN,60,85
8/31/2018 11:55,WINPRODWEB02,19.32,GREEN,60,85
8/31/2018 12:00,WINPRODWEB02,19.77,GREEN,60,85
8/31/2018 12:05,WINPRODWEB02,16.73,GREEN,60,85
8/31/2018 12:10,WINPRODWEB02,35.58,GREEN,60,85
8/31/2018 12:15,WINPRODWEB02,53.39,GREEN,60,85
8/31/2018 12:20,WINPRODWEB02,39.17,GREEN,60,85
8/31/2018 12:25,WINPRODWEB02,39.64,GREEN,60,85
8/31/2018 12:30,WINPRODWEB02,32.41,GREEN,60,85
8/31/2018 12:35,WINPRODWEB02,40.49,GREEN,60,85
8/31/2018 12:40,WINPRODWEB02,52.23,GREEN,60,85
8/31/2018 12:45,WINPRODWEB02,24.9,GREEN,60,85
8/31/2018 12:50,WINPRODWEB02,76.68,AMBER,60,85
8/31/2018 12:55,WINPRODWEB02,60.26,AMBER,60,85
8/31/2018 13:00,WINPRODWEB02,63.12,AMBER,60,85
8/31/2018 13:05,WINPRODWEB02,77.98,AMBER,60,85
8/31/2018 13:10,WINPRODWEB02,75.43,AMBER,60,85
8/31/2018 13:15,WINPRODWEB02,65.22,AMBER,60,85
8/31/2018 13:20,WINPRODWEB02,72.18,AMBER,60,85
8/31/2018 13:25,WINPRODWEB02,68.8,AMBER,60,85
8/31/2018 13:30,WINPRODWEB02,74.05,AMBER,60,85
8/31/2018 13:35,WINPRODWEB02,75.22,AMBER,60,85
8/31/2018 13:40,WINPRODWEB02,73.34,AMBER,60,85
8/31/2018 13:45,WINPRODWEB02,73.24,AMBER,60,85
8/31/2018 13:50,WINPRODWEB02,73.78,AMBER,60,85
8/31/2018 13:55,WINPRODWEB02,75.8,RED,60,85
8/31/2018 14:00,WINPRODWEB02,73.59,RED,60,85
8/31/2018 14:05,WINPRODWEB02,76.9,RED,60,85
8/31/2018 14:10,WINPRODWEB02,71.76,RED,60,85
8/31/2018 14:15,WINPRODWEB02,79.74,RED,60,85
8/31/2018 14:20,WINPRODWEB02,76.79,RED,60,85
8/31/2018 14:25,WINPRODWEB02,95.32,RED,60,85
8/31/2018 14:30,WINPRODWEB02,87.91,RED,60,85
8/31/2018 14:35,WINPRODWEB02,88.24,RED,60,85
8/31/2018 14:40,WINPRODWEB02,96.79,RED,60,85
8/31/2018 14:45,WINPRODWEB02,92.93,RED,60,85
8/31/2018 14:50,WINPRODWEB02,98.94,RED,60,85
8/31/2018 14:55,WINPRODWEB02,92.12,RED,60,85
8/31/2018 15:00,WINPRODWEB02,92.87,RED,60,85
8/31/2018 15:05,WINPRODWEB02,90.95,RED,60,85
8/31/2018 15:10,WINPRODWEB02,97.26,RED,60,85
8/31/2018 15:15,WINPRODWEB02,96.41,RED,60,85
8/31/2018 15:20,WINPRODWEB02,95.96,RED,60,85
8/31/2018 15:25,WINPRODWEB02,96.89,RED,60,85
8/31/2018 15:30,WINPRODWEB02,87.26,RED,60,85
8/31/2018 15:35,WINPRODWEB02,96.68,RED,60,85
8/31/2018 15:40,WINPRODWEB02,86.95,RED,60,85
8/31/2018 15:45,WINPRODWEB02,67.38,RED,60,85
8/31/2018 15:50,WINPRODWEB02,71.08,RED,60,85
8/31/2018 15:55,WINPRODWEB02,71.89,RED,60,85
8/31/2018 16:00,WINPRODWEB02,66.51,AMBER,60,85
8/31/2018 16:05,WINPRODWEB02,63.17,AMBER,60,85
8/31/2018 16:10,WINPRODWEB02,69.88,AMBER,60,85
8/31/2018 16:15,WINPRODWEB02,63.16,AMBER,60,85
8/31/2018 16:20,WINPRODWEB02,69.72,AMBER,60,85
8/31/2018 16:25,WINPRODWEB02,62.04,AMBER,60,85
8/31/2018 16:30,WINPRODWEB02,73.32,AMBER,60,85
8/31/2018 16:35,WINPRODWEB02,66.43,AMBER,60,85
8/31/2018 16:40,WINPRODWEB02,72.76,AMBER,60,85
8/31/2018 16:45,WINPRODWEB02,76.01,AMBER,60,85
8/31/2018 16:50,WINPRODWEB02,71.07,AMBER,60,85
8/31/2018 16:55,WINPRODWEB02,77.54,AMBER,60,85
8/31/2018 17:00,WINPRODWEB02,60.69,AMBER,60,85
8/31/2018 17:05,WINPRODWEB02,71.07,AMBER,60,85
8/31/2018 17:10,WINPRODWEB02,72.85,AMBER,60,85
8/31/2018 17:15,WINPRODWEB02,54.11,AMBER,60,85
8/31/2018 17:20,WINPRODWEB02,12.93,AMBER,60,85
8/31/2018 17:25,WINPRODWEB02,13.54,AMBER,60,85
8/31/2018 17:30,WINPRODWEB02,37.46,GREEN,60,85
8/31/2018 17:35,WINPRODWEB02,14.04,GREEN,60,85
8/31/2018 17:40,WINPRODWEB02,26.07,GREEN,60,85
8/31/2018 17:45,WINPRODWEB02,44.76,GREEN,60,85
8/31/2018 17:50,WINPRODWEB02,39.09,GREEN,60,85
8/31/2018 17:55,WINPRODWEB02,25.15,GREEN,60,85
8/31/2018 18:00,WINPRODWEB02,26.97,GREEN,60,85
8/31/2018 18:05,WINPRODWEB02,18.35,GREEN,60,85
8/31/2018 18:10,WINPRODWEB02,23.07,GREEN,60,85
8/31/2018 18:15,WINPRODWEB02,19.16,GREEN,60,85
8/31/2018 18:20,WINPRODWEB02,45.79,GREEN,60,85
8/31/2018 18:25,WINPRODWEB02,21.74,GREEN,60,85
8/31/2018 18:30,WINPRODWEB02,40.71,GREEN,60,85
8/31/2018 18:35,WINPRODWEB02,42.89,GREEN,60,85
8/31/2018 18:40,WINPRODWEB02,51.13,GREEN,60,85
8/31/2018 18:45,WINPRODWEB02,32.39,GREEN,60,85
8/31/2018 18:50,WINPRODWEB02,53.18,GREEN,60,85
8/31/2018 18:55,WINPRODWEB02,48.94,GREEN,60,85
8/31/2018 19:00,WINPRODWEB02,30.05,GREEN,60,85
8/31/2018 19:05,WINPRODWEB02,36.04,GREEN,60,85
8/31/2018 19:10,WINPRODWEB02,52.73,GREEN,60,85
8/31/2018 19:15,WINPRODWEB02,12.55,GREEN,60,85
8/31/2018 19:20,WINPRODWEB02,39.9,GREEN,60,85
8/31/2018 19:25,WINPRODWEB02,43.67,GREEN,60,85
8/31/2018 19:30,WINPRODWEB02,41.23,GREEN,60,85
8/31/2018 19:35,WINPRODWEB02,15.27,GREEN,60,85
8/31/2018 19:40,WINPRODWEB02,10.76,GREEN,60,85
8/31/2018 19:45,WINPRODWEB02,11.15,GREEN,60,85
8/31/2018 19:50,WINPRODWEB02,29.53,GREEN,60,85
8/31/2018 19:55,WINPRODWEB02,32.26,GREEN,60,85
8/31/2018 20:00,WINPRODWEB02,35.28,GREEN,60,85
8/31/2018 20:05,WINPRODWEB02,24.01,GREEN,60,85
8/31/2018 20:10,WINPRODWEB02,52.72,GREEN,60,85
8/31/2018 20:15,WINPRODWEB02,12.99,GREEN,60,85
8/31/2018 20:20,WINPRODWEB02,27.39,GREEN,60,85
8/31/2018 20:25,WINPRODWEB02,26.83,GREEN,60,85
8/31/2018 20:30,WINPRODWEB02,27.7,GREEN,60,85
8/31/2018 20:35,WINPRODWEB02,37.73,GREEN,60,85
8/31/2018 20:40,WINPRODWEB02,12.3,GREEN,60,85
8/31/2018 20:45,WINPRODWEB02,10.07,GREEN,60,85
8/31/2018 20:50,WINPRODWEB02,17.77,GREEN,60,85
8/31/2018 20:55,WINPRODWEB02,32.24,GREEN,60,85
8/31/2018 21:00,WINPRODWEB02,28.31,GREEN,60,85
8/31/2018 21:05,WINPRODWEB02,36.6,GREEN,60,85
8/31/2018 21:10,WINPRODWEB02,35.05,GREEN,60,85
8/31/2018 21:15,WINPRODWEB02,42.7,GREEN,60,85
8/31/2018 21:20,WINPRODWEB02,15.8,GREEN,60,85
8/31/2018 21:25,WINPRODWEB02,40.88,GREEN,60,85
8/31/2018 21:30,WINPRODWEB02,14.37,GREEN,60,85
8/31/2018 21:35,WINPRODWEB02,26.13,GREEN,60,85
8/31/2018 21:40,WINPRODWEB02,35.28,GREEN,60,85
8/31/2018 21:45,WINPRODWEB02,26.09,GREEN,60,85
8/31/2018 21:50,WINPRODWEB02,29.09,GREEN,60,85
8/31/2018 21:55,WINPRODWEB02,51.21,GREEN,60,85
8/31/2018 22:00,WINPRODWEB02,29.28,GREEN,60,85
8/31/2018 22:05,WINPRODWEB02,47.96,GREEN,60,85
8/31/2018 22:10,WINPRODWEB02,24.47,GREEN,60,85
8/31/2018 22:15,WINPRODWEB02,24.4,GREEN,60,85
8/31/2018 22:20,WINPRODWEB02,27.29,GREEN,60,85
8/31/2018 22:25,WINPRODWEB02,10.77,GREEN,60,85
8/31/2018 22:30,WINPRODWEB02,23.07,GREEN,60,85
8/31/2018 22:35,WINPRODWEB02,16.8,GREEN,60,85
8/31/2018 22:40,WINPRODWEB02,41.23,GREEN,60,85
8/31/2018 22:45,WINPRODWEB02,12.12,GREEN,60,85
8/31/2018 22:50,WINPRODWEB02,21.71,GREEN,60,85
8/31/2018 22:55,WINPRODWEB02,49.81,GREEN,60,85
8/31/2018 23:00,WINPRODWEB02,10.61,GREEN,60,85
8/31/2018 23:05,WINPRODWEB02,24.97,GREEN,60,85
8/31/2018 23:10,WINPRODWEB02,43.96,GREEN,60,85
8/31/2018 23:15,WINPRODWEB02,50.86,GREEN,60,85
8/31/2018 23:20,WINPRODWEB02,15.81,GREEN,60,85
8/31/2018 23:25,WINPRODWEB02,47.26,GREEN,60,85
8/31/2018 23:30,WINPRODWEB02,38.86,GREEN,60,85
8/31/2018 23:35,WINPRODWEB02,11.7,GREEN,60,85
8/31/2018 23:40,WINPRODWEB02,13.2,GREEN,60,85
8/31/2018 23:45,WINPRODWEB02,10.15,GREEN,60,85
8/31/2018 23:50,WINPRODWEB02,47.33,GREEN,60,85
8/31/2018 23:55,WINPRODWEB02,22.62,GREEN,60,85
8/31/2018 0:00,WINPRODWEB03,18.25,GREEN,60,85
8/31/2018 0:05,WINPRODWEB03,15.34,GREEN,60,85
8/31/2018 0:10,WINPRODWEB03,42.28,GREEN,60,85
8/31/2018 0:15,WINPRODWEB03,25.51,GREEN,60,85
8/31/2018 0:20,WINPRODWEB03,44.65,GREEN,60,85
8/31/2018 0:25,WINPRODWEB03,30.07,GREEN,60,85
8/31/2018 0:30,WINPRODWEB03,32.94,GREEN,60,85
8/31/2018 0:35,WINPRODWEB03,33.71,GREEN,60,85
8/31/2018 0:40,WINPRODWEB03,24.09,GREEN,60,85
8/31/2018 0:45,WINPRODWEB03,27.26,GREEN,60,85
8/31/2018 0:50,WINPRODWEB03,26.27,GREEN,60,85
8/31/2018 0:55,WINPRODWEB03,25.18,GREEN,60,85
8/31/2018 1:00,WINPRODWEB03,49.84,GREEN,60,85
8/31/2018 1:05,WINPRODWEB03,10.79,AMBER,60,85
8/31/2018 1:10,WINPRODWEB03,31.09,AMBER,60,85
8/31/2018 1:15,WINPRODWEB03,22.75,AMBER,60,85
8/31/2018 1:20,WINPRODWEB03,21.66,AMBER,60,85
8/31/2018 1:25,WINPRODWEB03,10.46,AMBER,60,85
8/31/2018 1:30,WINPRODWEB03,25.53,AMBER,60,85
8/31/2018 1:35,WINPRODWEB03,20.55,AMBER,60,85
8/31/2018 1:40,WINPRODWEB03,10.49,AMBER,60,85
8/31/2018 1:45,WINPRODWEB03,37.31,AMBER,60,85
8/31/2018 1:50,WINPRODWEB03,19.2,AMBER,60,85
8/31/2018 1:55,WINPRODWEB03,49.96,AMBER,60,85
8/31/2018 2:00,WINPRODWEB03,18.64,AMBER,60,85
8/31/2018 2:05,WINPRODWEB03,41.88,AMBER,60,85
8/31/2018 2:10,WINPRODWEB03,33.64,AMBER,60,85
8/31/2018 2:15,WINPRODWEB03,39.71,AMBER,60,85
8/31/2018 2:20,WINPRODWEB03,17.88,AMBER,60,85
8/31/2018 2:25,WINPRODWEB03,28.63,AMBER,60,85
8/31/2018 2:30,WINPRODWEB03,43.9,AMBER,60,85
8/31/2018 2:35,WINPRODWEB03,36.36,AMBER,60,85
8/31/2018 2:40,WINPRODWEB03,40.07,AMBER,60,85
8/31/2018 2:45,WINPRODWEB03,27.37,AMBER,60,85
8/31/2018 2:50,WINPRODWEB03,19.19,AMBER,60,85
8/31/2018 2:55,WINPRODWEB03,36.33,AMBER,60,85
8/31/2018 3:00,WINPRODWEB03,32.22,AMBER,60,85
8/31/2018 3:05,WINPRODWEB03,25.31,AMBER,60,85
8/31/2018 3:10,WINPRODWEB03,38.13,AMBER,60,85
8/31/2018 3:15,WINPRODWEB03,14.65,AMBER,60,85
8/31/2018 3:20,WINPRODWEB03,14.75,AMBER,60,85
8/31/2018 3:25,WINPRODWEB03,13.01,AMBER,60,85
8/31/2018 3:30,WINPRODWEB03,24.71,AMBER,60,85
8/31/2018 3:35,WINPRODWEB03,35.84,AMBER,60,85
8/31/2018 3:40,WINPRODWEB03,34.62,AMBER,60,85
8/31/2018 3:45,WINPRODWEB03,42.03,AMBER,60,85
8/31/2018 3:50,WINPRODWEB03,13.37,AMBER,60,85
8/31/2018 3:55,WINPRODWEB03,23.55,AMBER,60,85
8/31/2018 4:00,WINPRODWEB03,30.02,AMBER,60,85
8/31/2018 4:05,WINPRODWEB03,47.31,AMBER,60,85
8/31/2018 4:10,WINPRODWEB03,33.79,AMBER,60,85
8/31/2018 4:15,WINPRODWEB03,15.6,GREEN,60,85
8/31/2018 4:20,WINPRODWEB03,46.57,GREEN,60,85
8/31/2018 4:25,WINPRODWEB03,24.1,GREEN,60,85
8/31/2018 4:30,WINPRODWEB03,28.29,GREEN,60,85
8/31/2018 4:35,WINPRODWEB03,29.7,GREEN,60,85
8/31/2018 4:40,WINPRODWEB03,38.21,GREEN,60,85
8/31/2018 4:45,WINPRODWEB03,16.56,GREEN,60,85
8/31/2018 4:50,WINPRODWEB03,19.52,GREEN,60,85
8/31/2018 4:55,WINPRODWEB03,53.64,GREEN,60,85
8/31/2018 5:00,WINPRODWEB03,37.22,GREEN,60,85
8/31/2018 5:05,WINPRODWEB03,19.77,GREEN,60,85
8/31/2018 5:10,WINPRODWEB03,39.71,GREEN,60,85
8/31/2018 5:15,WINPRODWEB03,19.32,GREEN,60,85
8/31/2018 5:20,WINPRODWEB03,12.46,GREEN,60,85
8/31/2018 5:25,WINPRODWEB03,54.56,GREEN,60,85
8/31/2018 5:30,WINPRODWEB03,13.41,GREEN,60,85
8/31/2018 5:35,WINPRODWEB03,40.66,GREEN,60,85
8/31/2018 5:40,WINPRODWEB03,41.91,GREEN,60,85
8/31/2018 5:45,WINPRODWEB03,31.75,GREEN,60,85
8/31/2018 5:50,WINPRODWEB03,34.83,GREEN,60,85
8/31/2018 5:55,WINPRODWEB03,31.26,GREEN,60,85
8/31/2018 6:00,WINPRODWEB03,32.04,GREEN,60,85
8/31/2018 6:05,WINPRODWEB03,39.35,GREEN,60,85
8/31/2018 6:10,WINPRODWEB03,37.34,GREEN,60,85
8/31/2018 6:15,WINPRODWEB03,46.96,GREEN,60,85
8/31/2018 6:20,WINPRODWEB03,30.81,GREEN,60,85
8/31/2018 6:25,WINPRODWEB03,35.46,GREEN,60,85
8/31/2018 6:30,WINPRODWEB03,38.49,GREEN,60,85
8/31/2018 6:35,WINPRODWEB03,24.59,GREEN,60,85
8/31/2018 6:40,WINPRODWEB03,29.36,GREEN,60,85
8/31/2018 6:45,WINPRODWEB03,15.13,GREEN,60,85
8/31/2018 6:50,WINPRODWEB03,49.06,GREEN,60,85
8/31/2018 6:55,WINPRODWEB03,52.41,GREEN,60,85
8/31/2018 7:00,WINPRODWEB03,11.81,GREEN,60,85
8/31/2018 7:05,WINPRODWEB03,30.29,GREEN,60,85
8/31/2018 7:10,WINPRODWEB03,26.36,GREEN,60,85
8/31/2018 7:15,WINPRODWEB03,33.46,GREEN,60,85
8/31/2018 7:20,WINPRODWEB03,23.15,GREEN,60,85
8/31/2018 7:25,WINPRODWEB03,41.95,GREEN,60,85
8/31/2018 7:30,WINPRODWEB03,30.63,GREEN,60,85
8/31/2018 7:35,WINPRODWEB03,38.67,GREEN,60,85
8/31/2018 7:40,WINPRODWEB03,54.58,GREEN,60,85
8/31/2018 7:45,WINPRODWEB03,11.85,GREEN,60,85
8/31/2018 7:50,WINPRODWEB03,23.49,GREEN,60,85
8/31/2018 7:55,WINPRODWEB03,31.81,GREEN,60,85
8/31/2018 8:00,WINPRODWEB03,37.08,GREEN,60,85
8/31/2018 8:05,WINPRODWEB03,52.01,GREEN,60,85
8/31/2018 8:10,WINPRODWEB03,39.72,GREEN,60,85
8/31/2018 8:15,WINPRODWEB03,22.28,GREEN,60,85
8/31/2018 8:20,WINPRODWEB03,35.52,GREEN,60,85
8/31/2018 8:25,WINPRODWEB03,26.24,GREEN,60,85
8/31/2018 8:30,WINPRODWEB03,29.49,GREEN,60,85
8/31/2018 8:35,WINPRODWEB03,31.63,GREEN,60,85
8/31/2018 8:40,WINPRODWEB03,44.54,GREEN,60,85
8/31/2018 8:45,WINPRODWEB03,13.67,GREEN,60,85
8/31/2018 8:50,WINPRODWEB03,44.79,GREEN,60,85
8/31/2018 8:55,WINPRODWEB03,51.32,GREEN,60,85
8/31/2018 9:00,WINPRODWEB03,52.5,GREEN,60,85
8/31/2018 9:05,WINPRODWEB03,23.53,GREEN,60,85
8/31/2018 9:10,WINPRODWEB03,15.25,GREEN,60,85
8/31/2018 9:15,WINPRODWEB03,16.7,GREEN,60,85
8/31/2018 9:20,WINPRODWEB03,20.09,GREEN,60,85
8/31/2018 9:25,WINPRODWEB03,30.2,GREEN,60,85
8/31/2018 9:30,WINPRODWEB03,28.27,GREEN,60,85
8/31/2018 9:35,WINPRODWEB03,43.91,GREEN,60,85
8/31/2018 9:40,WINPRODWEB03,18.09,GREEN,60,85
8/31/2018 9:45,WINPRODWEB03,20.41,GREEN,60,85
8/31/2018 9:50,WINPRODWEB03,14.55,GREEN,60,85
8/31/2018 9:55,WINPRODWEB03,30.11,GREEN,60,85
8/31/2018 10:00,WINPRODWEB03,37.62,GREEN,60,85
8/31/2018 10:05,WINPRODWEB03,32.57,GREEN,60,85
8/31/2018 10:10,WINPRODWEB03,13.12,GREEN,60,85
8/31/2018 10:15,WINPRODWEB03,37.83,GREEN,60,85
8/31/2018 10:20,WINPRODWEB03,33.19,GREEN,60,85
8/31/2018 10:25,WINPRODWEB03,52.62,GREEN,60,85
8/31/2018 10:30,WINPRODWEB03,20.03,GREEN,60,85
8/31/2018 10:35,WINPRODWEB03,52.7,GREEN,60,85
8/31/2018 10:40,WINPRODWEB03,35.89,GREEN,60,85
8/31/2018 10:45,WINPRODWEB03,34.47,GREEN,60,85
8/31/2018 10:50,WINPRODWEB03,51.8,GREEN,60,85
8/31/2018 10:55,WINPRODWEB03,11.35,GREEN,60,85
8/31/2018 11:00,WINPRODWEB03,54.09,GREEN,60,85
8/31/2018 11:05,WINPRODWEB03,32.82,GREEN,60,85
8/31/2018 11:10,WINPRODWEB03,21.02,GREEN,60,85
8/31/2018 11:15,WINPRODWEB03,26.46,GREEN,60,85
8/31/2018 11:20,WINPRODWEB03,17.35,GREEN,60,85
8/31/2018 11:25,WINPRODWEB03,27.7,GREEN,60,85
8/31/2018 11:30,WINPRODWEB03,40.57,GREEN,60,85
8/31/2018 11:35,WINPRODWEB03,48.07,GREEN,60,85
8/31/2018 11:40,WINPRODWEB03,17.18,GREEN,60,85
8/31/2018 11:45,WINPRODWEB03,30.64,GREEN,60,85
8/31/2018 11:50,WINPRODWEB03,47.6,GREEN,60,85
8/31/2018 11:55,WINPRODWEB03,13.55,GREEN,60,85
8/31/2018 12:00,WINPRODWEB03,29.76,GREEN,60,85
8/31/2018 12:05,WINPRODWEB03,13.3,GREEN,60,85
8/31/2018 12:10,WINPRODWEB03,18.29,GREEN,60,85
8/31/2018 12:15,WINPRODWEB03,31.88,GREEN,60,85
8/31/2018 12:20,WINPRODWEB03,22.7,GREEN,60,85
8/31/2018 12:25,WINPRODWEB03,35.3,GREEN,60,85
8/31/2018 12:30,WINPRODWEB03,33.09,GREEN,60,85
8/31/2018 12:35,WINPRODWEB03,41.55,GREEN,60,85
8/31/2018 12:40,WINPRODWEB03,21.17,GREEN,60,85
8/31/2018 12:45,WINPRODWEB03,53.09,GREEN,60,85
8/31/2018 12:50,WINPRODWEB03,32.86,AMBER,60,85
8/31/2018 12:55,WINPRODWEB03,11.52,AMBER,60,85
8/31/2018 13:00,WINPRODWEB03,52.48,AMBER,60,85
8/31/2018 13:05,WINPRODWEB03,32.55,AMBER,60,85
8/31/2018 13:10,WINPRODWEB03,32.66,AMBER,60,85
8/31/2018 13:15,WINPRODWEB03,49.97,AMBER,60,85
8/31/2018 13:20,WINPRODWEB03,27.93,AMBER,60,85
8/31/2018 13:25,WINPRODWEB03,38.32,AMBER,60,85
8/31/2018 13:30,WINPRODWEB03,48.82,AMBER,60,85
8/31/2018 13:35,WINPRODWEB03,26.4,AMBER,60,85
8/31/2018 13:40,WINPRODWEB03,39.4,AMBER,60,85
8/31/2018 13:45,WINPRODWEB03,17.35,AMBER,60,85
8/31/2018 13:50,WINPRODWEB03,44.33,AMBER,60,85
8/31/2018 13:55,WINPRODWEB03,25.92,RED,60,85
8/31/2018 14:00,WINPRODWEB03,27.27,RED,60,85
8/31/2018 14:05,WINPRODWEB03,50.61,RED,60,85
8/31/2018 14:10,WINPRODWEB03,41.92,RED,60,85
8/31/2018 14:15,WINPRODWEB03,17,RED,60,85
8/31/2018 14:20,WINPRODWEB03,36.49,RED,60,85
8/31/2018 14:25,WINPRODWEB03,44.37,RED,60,85
8/31/2018 14:30,WINPRODWEB03,28.69,RED,60,85
8/31/2018 14:35,WINPRODWEB03,50.73,RED,60,85
8/31/2018 14:40,WINPRODWEB03,53.7,RED,60,85
8/31/2018 14:45,WINPRODWEB03,12.76,RED,60,85
8/31/2018 14:50,WINPRODWEB03,44.63,RED,60,85
8/31/2018 14:55,WINPRODWEB03,54.74,RED,60,85
8/31/2018 15:00,WINPRODWEB03,13.49,RED,60,85
8/31/2018 15:05,WINPRODWEB03,52.56,RED,60,85
8/31/2018 15:10,WINPRODWEB03,39.48,RED,60,85
8/31/2018 15:15,WINPRODWEB03,50.72,RED,60,85
8/31/2018 15:20,WINPRODWEB03,49.58,RED,60,85
8/31/2018 15:25,WINPRODWEB03,50.3,RED,60,85
8/31/2018 15:30,WINPRODWEB03,17.1,RED,60,85
8/31/2018 15:35,WINPRODWEB03,21.82,RED,60,85
8/31/2018 15:40,WINPRODWEB03,15.95,RED,60,85
8/31/2018 15:45,WINPRODWEB03,38.56,RED,60,85
8/31/2018 15:50,WINPRODWEB03,52.95,RED,60,85
8/31/2018 15:55,WINPRODWEB03,33.49,RED,60,85
8/31/2018 16:00,WINPRODWEB03,48.58,AMBER,60,85
8/31/2018 16:05,WINPRODWEB03,43.8,AMBER,60,85
8/31/2018 16:10,WINPRODWEB03,16.43,AMBER,60,85
8/31/2018 16:15,WINPRODWEB03,18.3,AMBER,60,85
8/31/2018 16:20,WINPRODWEB03,24.29,AMBER,60,85
8/31/2018 16:25,WINPRODWEB03,29.78,AMBER,60,85
8/31/2018 16:30,WINPRODWEB03,37.43,AMBER,60,85
8/31/2018 16:35,WINPRODWEB03,23.25,AMBER,60,85
8/31/2018 16:40,WINPRODWEB03,15.88,AMBER,60,85
8/31/2018 16:45,WINPRODWEB03,47.9,AMBER,60,85
8/31/2018 16:50,WINPRODWEB03,49.73,AMBER,60,85
8/31/2018 16:55,WINPRODWEB03,29.57,AMBER,60,85
8/31/2018 17:00,WINPRODWEB03,45.62,AMBER,60,85
8/31/2018 17:05,WINPRODWEB03,40.01,AMBER,60,85
8/31/2018 17:10,WINPRODWEB03,36.87,AMBER,60,85
8/31/2018 17:15,WINPRODWEB03,22.52,AMBER,60,85
8/31/2018 17:20,WINPRODWEB03,14.76,AMBER,60,85
8/31/2018 17:25,WINPRODWEB03,20.54,AMBER,60,85
8/31/2018 17:30,WINPRODWEB03,23.53,GREEN,60,85
8/31/2018 17:35,WINPRODWEB03,45.28,GREEN,60,85
8/31/2018 17:40,WINPRODWEB03,11.86,GREEN,60,85
8/31/2018 17:45,WINPRODWEB03,48.08,GREEN,60,85
8/31/2018 17:50,WINPRODWEB03,54.26,GREEN,60,85
8/31/2018 17:55,WINPRODWEB03,28.44,GREEN,60,85
8/31/2018 18:00,WINPRODWEB03,48.64,GREEN,60,85
8/31/2018 18:05,WINPRODWEB03,31.52,GREEN,60,85
8/31/2018 18:10,WINPRODWEB03,22.77,GREEN,60,85
8/31/2018 18:15,WINPRODWEB03,46.01,GREEN,60,85
8/31/2018 18:20,WINPRODWEB03,34.18,GREEN,60,85
8/31/2018 18:25,WINPRODWEB03,49.5,GREEN,60,85
8/31/2018 18:30,WINPRODWEB03,39.07,GREEN,60,85
8/31/2018 18:35,WINPRODWEB03,10.84,GREEN,60,85
8/31/2018 18:40,WINPRODWEB03,45.86,GREEN,60,85
8/31/2018 18:45,WINPRODWEB03,22.84,GREEN,60,85
8/31/2018 18:50,WINPRODWEB03,36.59,GREEN,60,85
8/31/2018 18:55,WINPRODWEB03,38.17,GREEN,60,85
8/31/2018 19:00,WINPRODWEB03,24.59,GREEN,60,85
8/31/2018 19:05,WINPRODWEB03,40.66,GREEN,60,85
8/31/2018 19:10,WINPRODWEB03,22.36,GREEN,60,85
8/31/2018 19:15,WINPRODWEB03,25.52,GREEN,60,85
8/31/2018 19:20,WINPRODWEB03,20.5,GREEN,60,85
8/31/2018 19:25,WINPRODWEB03,20.05,GREEN,60,85
8/31/2018 19:30,WINPRODWEB03,54.09,GREEN,60,85
8/31/2018 19:35,WINPRODWEB03,13.06,GREEN,60,85
8/31/2018 19:40,WINPRODWEB03,37.35,GREEN,60,85
8/31/2018 19:45,WINPRODWEB03,17.6,GREEN,60,85
8/31/2018 19:50,WINPRODWEB03,41.87,GREEN,60,85
8/31/2018 19:55,WINPRODWEB03,45.67,GREEN,60,85
8/31/2018 20:00,WINPRODWEB03,41.04,GREEN,60,85
8/31/2018 20:05,WINPRODWEB03,33.04,GREEN,60,85
8/31/2018 20:10,WINPRODWEB03,13.3,GREEN,60,85
8/31/2018 20:15,WINPRODWEB03,50.1,GREEN,60,85
8/31/2018 20:20,WINPRODWEB03,38.82,GREEN,60,85
8/31/2018 20:25,WINPRODWEB03,50.94,GREEN,60,85
8/31/2018 20:30,WINPRODWEB03,16.6,GREEN,60,85
8/31/2018 20:35,WINPRODWEB03,27.38,GREEN,60,85
8/31/2018 20:40,WINPRODWEB03,40.83,GREEN,60,85
8/31/2018 20:45,WINPRODWEB03,30.2,GREEN,60,85
8/31/2018 20:50,WINPRODWEB03,42.7,GREEN,60,85
8/31/2018 20:55,WINPRODWEB03,17.36,GREEN,60,85
8/31/2018 21:00,WINPRODWEB03,37.47,GREEN,60,85
8/31/2018 21:05,WINPRODWEB03,22.5,GREEN,60,85
8/31/2018 21:10,WINPRODWEB03,43.05,GREEN,60,85
8/31/2018 21:15,WINPRODWEB03,40.21,GREEN,60,85
8/31/2018 21:20,WINPRODWEB03,18.36,GREEN,60,85
8/31/2018 21:25,WINPRODWEB03,41.47,GREEN,60,85
8/31/2018 21:30,WINPRODWEB03,53.94,GREEN,60,85
8/31/2018 21:35,WINPRODWEB03,44.71,GREEN,60,85
8/31/2018 21:40,WINPRODWEB03,34.39,GREEN,60,85
8/31/2018 21:45,WINPRODWEB03,30.85,GREEN,60,85
8/31/2018 21:50,WINPRODWEB03,20.89,GREEN,60,85
8/31/2018 21:55,WINPRODWEB03,31.26,GREEN,60,85
8/31/2018 22:00,WINPRODWEB03,24.93,GREEN,60,85
8/31/2018 22:05,WINPRODWEB03,44.38,GREEN,60,85
8/31/2018 22:10,WINPRODWEB03,42.23,GREEN,60,85
8/31/2018 22:15,WINPRODWEB03,18.84,GREEN,60,85
8/31/2018 22:20,WINPRODWEB03,41.51,GREEN,60,85
8/31/2018 22:25,WINPRODWEB03,21.85,GREEN,60,85
8/31/2018 22:30,WINPRODWEB03,38.97,GREEN,60,85
8/31/2018 22:35,WINPRODWEB03,25.14,GREEN,60,85
8/31/2018 22:40,WINPRODWEB03,47.18,GREEN,60,85
8/31/2018 22:45,WINPRODWEB03,30.6,GREEN,60,85
8/31/2018 22:50,WINPRODWEB03,48.93,GREEN,60,85
8/31/2018 22:55,WINPRODWEB03,33.86,GREEN,60,85
8/31/2018 23:00,WINPRODWEB03,12.89,GREEN,60,85
8/31/2018 23:05,WINPRODWEB03,50.2,GREEN,60,85
8/31/2018 23:10,WINPRODWEB03,38.34,GREEN,60,85
8/31/2018 23:15,WINPRODWEB03,19.5,GREEN,60,85
8/31/2018 23:20,WINPRODWEB03,47.22,GREEN,60,85
8/31/2018 23:25,WINPRODWEB03,32.47,GREEN,60,85
8/31/2018 23:30,WINPRODWEB03,52.71,GREEN,60,85
8/31/2018 23:35,WINPRODWEB03,45.45,GREEN,60,85
8/31/2018 23:40,WINPRODWEB03,53.53,GREEN,60,85
8/31/2018 23:45,WINPRODWEB03,45.64,GREEN,60,85
8/31/2018 23:50,WINPRODWEB03,28.11,GREEN,60,85
8/31/2018 23:55,WINPRODWEB03,46.08,GREEN,60,85
8/31/2018 0:00,LNXPRODDB01,19.03,GREEN,75,90
8/31/2018 0:05,LNXPRODDB01,24.77,GREEN,75,90
8/31/2018 0:10,LNXPRODDB01,14.3,GREEN,75,90
8/31/2018 0:15,LNXPRODDB01,45.63,GREEN,75,90
8/31/2018 0:20,LNXPRODDB01,34.67,GREEN,75,90
8/31/2018 0:25,LNXPRODDB01,52.32,GREEN,75,90
8/31/2018 0:30,LNXPRODDB01,42.64,GREEN,75,90
8/31/2018 0:35,LNXPRODDB01,37.23,GREEN,75,90
8/31/2018 0:40,LNXPRODDB01,28.74,GREEN,75,90
8/31/2018 0:45,LNXPRODDB01,33.22,GREEN,75,90
8/31/2018 0:50,LNXPRODDB01,52.35,GREEN,75,90
8/31/2018 0:55,LNXPRODDB01,31.72,GREEN,75,90
8/31/2018 1:00,LNXPRODDB01,29.33,GREEN,75,90
8/31/2018 1:05,LNXPRODDB01,32.1,GREEN,75,90
8/31/2018 1:10,LNXPRODDB01,35.89,GREEN,75,90
8/31/2018 1:15,LNXPRODDB01,42.25,GREEN,75,90
8/31/2018 1:20,LNXPRODDB01,11.55,GREEN,75,90
8/31/2018 1:25,LNXPRODDB01,24.39,GREEN,75,90
8/31/2018 1:30,LNXPRODDB01,54.14,GREEN,75,90
8/31/2018 1:35,LNXPRODDB01,50.58,GREEN,75,90
8/31/2018 1:40,LNXPRODDB01,28.59,GREEN,75,90
8/31/2018 1:45,LNXPRODDB01,50.72,GREEN,75,90
8/31/2018 1:50,LNXPRODDB01,36.3,GREEN,75,90
8/31/2018 1:55,LNXPRODDB01,15.97,GREEN,75,90
8/31/2018 2:00,LNXPRODDB01,14.41,GREEN,75,90
8/31/2018 2:05,LNXPRODDB01,48.11,GREEN,75,90
8/31/2018 2:10,LNXPRODDB01,49.9,GREEN,75,90
8/31/2018 2:15,LNXPRODDB01,25.26,GREEN,75,90
8/31/2018 2:20,LNXPRODDB01,27.36,GREEN,75,90
8/31/2018 2:25,LNXPRODDB01,37.31,GREEN,75,90
8/31/2018 2:30,LNXPRODDB01,48.45,GREEN,75,90
8/31/2018 2:35,LNXPRODDB01,24.1,GREEN,75,90
8/31/2018 2:40,LNXPRODDB01,53.57,GREEN,75,90
8/31/2018 2:45,LNXPRODDB01,15.08,GREEN,75,90
8/31/2018 2:50,LNXPRODDB01,30.18,GREEN,75,90
8/31/2018 2:55,LNXPRODDB01,21.35,GREEN,75,90
8/31/2018 3:00,LNXPRODDB01,50.93,GREEN,75,90
8/31/2018 3:05,LNXPRODDB01,13.96,GREEN,75,90
8/31/2018 3:10,LNXPRODDB01,10.62,GREEN,75,90
8/31/2018 3:15,LNXPRODDB01,46.53,GREEN,75,90
8/31/2018 3:20,LNXPRODDB01,17.66,GREEN,75,90
8/31/2018 3:25,LNXPRODDB01,10.01,GREEN,75,90
8/31/2018 3:30,LNXPRODDB01,22.01,GREEN,75,90
8/31/2018 3:35,LNXPRODDB01,28.59,GREEN,75,90
8/31/2018 3:40,LNXPRODDB01,36.56,GREEN,75,90
8/31/2018 3:45,LNXPRODDB01,36.55,GREEN,75,90
8/31/2018 3:50,LNXPRODDB01,11.81,GREEN,75,90
8/31/2018 3:55,LNXPRODDB01,22.72,GREEN,75,90
8/31/2018 4:00,LNXPRODDB01,15.7,GREEN,75,90
8/31/2018 4:05,LNXPRODDB01,15,GREEN,75,90
8/31/2018 4:10,LNXPRODDB01,30.12,GREEN,75,90
8/31/2018 4:15,LNXPRODDB01,13.74,GREEN,75,90
8/31/2018 4:20,LNXPRODDB01,39.16,GREEN,75,90
8/31/2018 4:25,LNXPRODDB01,12.16,GREEN,75,90
8/31/2018 4:30,LNXPRODDB01,15.09,GREEN,75,90
8/31/2018 4:35,LNXPRODDB01,37.87,GREEN,75,90
8/31/2018 4:40,LNXPRODDB01,13.66,GREEN,75,90
8/31/2018 4:45,LNXPRODDB01,22.55,GREEN,75,90
8/31/2018 4:50,LNXPRODDB01,45.91,GREEN,75,90
8/31/2018 4:55,LNXPRODDB01,32.4,GREEN,75,90
8/31/2018 5:00,LNXPRODDB01,30.58,GREEN,75,90
8/31/2018 5:05,LNXPRODDB01,34.65,GREEN,75,90
8/31/2018 5:10,LNXPRODDB01,31.31,GREEN,75,90
8/31/2018 5:15,LNXPRODDB01,15.17,GREEN,75,90
8/31/2018 5:20,LNXPRODDB01,48.01,GREEN,75,90
8/31/2018 5:25,LNXPRODDB01,10.72,GREEN,75,90
8/31/2018 5:30,LNXPRODDB01,26.96,GREEN,75,90
8/31/2018 5:35,LNXPRODDB01,27.06,GREEN,75,90
8/31/2018 5:40,LNXPRODDB01,35.92,GREEN,75,90
8/31/2018 5:45,LNXPRODDB01,24.62,GREEN,75,90
8/31/2018 5:50,LNXPRODDB01,20.97,GREEN,75,90
8/31/2018 5:55,LNXPRODDB01,20.09,GREEN,75,90
8/31/2018 6:00,LNXPRODDB01,33.86,GREEN,75,90
8/31/2018 6:05,LNXPRODDB01,49.74,GREEN,75,90
8/31/2018 6:10,LNXPRODDB01,24.87,GREEN,75,90
8/31/2018 6:15,LNXPRODDB01,12.14,GREEN,75,90
8/31/2018 6:20,LNXPRODDB01,21.05,GREEN,75,90
8/31/2018 6:25,LNXPRODDB01,21.8,GREEN,75,90
8/31/2018 6:30,LNXPRODDB01,15.05,GREEN,75,90
8/31/2018 6:35,LNXPRODDB01,43.19,GREEN,75,90
8/31/2018 6:40,LNXPRODDB01,17.41,GREEN,75,90
8/31/2018 6:45,LNXPRODDB01,19.76,GREEN,75,90
8/31/2018 6:50,LNXPRODDB01,24.17,GREEN,75,90
8/31/2018 6:55,LNXPRODDB01,18.19,GREEN,75,90
8/31/2018 7:00,LNXPRODDB01,26.7,GREEN,75,90
8/31/2018 7:05,LNXPRODDB01,20.9,GREEN,75,90
8/31/2018 7:10,LNXPRODDB01,36.32,GREEN,75,90
8/31/2018 7:15,LNXPRODDB01,32.39,GREEN,75,90
8/31/2018 7:20,LNXPRODDB01,22.7,GREEN,75,90
8/31/2018 7:25,LNXPRODDB01,23.32,GREEN,75,90
8/31/2018 7:30,LNXPRODDB01,51.56,GREEN,75,90
8/31/2018 7:35,LNXPRODDB01,44.32,GREEN,75,90
8/31/2018 7:40,LNXPRODDB01,51,GREEN,75,90
8/31/2018 7:45,LNXPRODDB01,22.51,GREEN,75,90
8/31/2018 7:50,LNXPRODDB01,44.13,GREEN,75,90
8/31/2018 7:55,LNXPRODDB01,30.6,GREEN,75,90
8/31/2018 8:00,LNXPRODDB01,50.97,GREEN,75,90
8/31/2018 8:05,LNXPRODDB01,38.46,GREEN,75,90
8/31/2018 8:10,LNXPRODDB01,30.99,GREEN,75,90
8/31/2018 8:15,LNXPRODDB01,16.97,GREEN,75,90
8/31/2018 8:20,LNXPRODDB01,20.04,GREEN,75,90
8/31/2018 8:25,LNXPRODDB01,37.41,GREEN,75,90
8/31/2018 8:30,LNXPRODDB01,11.58,GREEN,75,90
8/31/2018 8:35,LNXPRODDB01,50.89,GREEN,75,90
8/31/2018 8:40,LNXPRODDB01,43.96,GREEN,75,90
8/31/2018 8:45,LNXPRODDB01,24.88,GREEN,75,90
8/31/2018 8:50,LNXPRODDB01,38.89,GREEN,75,90
8/31/2018 8:55,LNXPRODDB01,22.55,GREEN,75,90
8/31/2018 9:00,LNXPRODDB01,12.85,GREEN,75,90
8/31/2018 9:05,LNXPRODDB01,46.12,GREEN,75,90
8/31/2018 9:10,LNXPRODDB01,20.26,GREEN,75,90
8/31/2018 9:15,LNXPRODDB01,28.36,GREEN,75,90
8/31/2018 9:20,LNXPRODDB01,44.25,GREEN,75,90
8/31/2018 9:25,LNXPRODDB01,13.77,GREEN,75,90
8/31/2018 9:30,LNXPRODDB01,12.92,GREEN,75,90
8/31/2018 9:35,LNXPRODDB01,21.2,GREEN,75,90
8/31/2018 9:40,LNXPRODDB01,45.7,GREEN,75,90
8/31/2018 9:45,LNXPRODDB01,53.49,GREEN,75,90
8/31/2018 9:50,LNXPRODDB01,50.41,GREEN,75,90
8/31/2018 9:55,LNXPRODDB01,53.96,GREEN,75,90
8/31/2018 10:00,LNXPRODDB01,11.82,GREEN,75,90
8/31/2018 10:05,LNXPRODDB01,17.53,GREEN,75,90
8/31/2018 10:10,LNXPRODDB01,24.22,GREEN,75,90
8/31/2018 10:15,LNXPRODDB01,17.67,GREEN,75,90
8/31/2018 10:20,LNXPRODDB01,17.78,GREEN,75,90
8/31/2018 10:25,LNXPRODDB01,49.44,GREEN,75,90
8/31/2018 10:30,LNXPRODDB01,36.26,GREEN,75,90
8/31/2018 10:35,LNXPRODDB01,33.01,GREEN,75,90
8/31/2018 10:40,LNXPRODDB01,32.15,GREEN,75,90
8/31/2018 10:45,LNXPRODDB01,13.03,GREEN,75,90
8/31/2018 10:50,LNXPRODDB01,50.77,GREEN,75,90
8/31/2018 10:55,LNXPRODDB01,11.51,GREEN,75,90
8/31/2018 11:00,LNXPRODDB01,14.39,GREEN,75,90
8/31/2018 11:05,LNXPRODDB01,22.2,GREEN,75,90
8/31/2018 11:10,LNXPRODDB01,27.42,GREEN,75,90
8/31/2018 11:15,LNXPRODDB01,32.4,GREEN,75,90
8/31/2018 11:20,LNXPRODDB01,53.84,GREEN,75,90
8/31/2018 11:25,LNXPRODDB01,17.51,GREEN,75,90
8/31/2018 11:30,LNXPRODDB01,44.87,GREEN,75,90
8/31/2018 11:35,LNXPRODDB01,38.37,GREEN,75,90
8/31/2018 11:40,LNXPRODDB01,20.55,GREEN,75,90
8/31/2018 11:45,LNXPRODDB01,24.98,GREEN,75,90
8/31/2018 11:50,LNXPRODDB01,28.34,GREEN,75,90
8/31/2018 11:55,LNXPRODDB01,24.72,GREEN,75,90
8/31/2018 12:00,LNXPRODDB01,10.45,GREEN,75,90
8/31/2018 12:05,LNXPRODDB01,20.46,GREEN,75,90
8/31/2018 12:10,LNXPRODDB01,15.73,GREEN,75,90
8/31/2018 12:15,LNXPRODDB01,50.27,GREEN,75,90
8/31/2018 12:20,LNXPRODDB01,46.61,GREEN,75,90
8/31/2018 12:25,LNXPRODDB01,33.98,GREEN,75,90
8/31/2018 12:30,LNXPRODDB01,22.07,GREEN,75,90
8/31/2018 12:35,LNXPRODDB01,53,GREEN,75,90
8/31/2018 12:40,LNXPRODDB01,13.96,GREEN,75,90
8/31/2018 12:45,LNXPRODDB01,28.7,GREEN,75,90
8/31/2018 12:50,LNXPRODDB01,32.25,GREEN,75,90
8/31/2018 12:55,LNXPRODDB01,52.15,GREEN,75,90
8/31/2018 13:00,LNXPRODDB01,14.5,GREEN,75,90
8/31/2018 13:05,LNXPRODDB01,16.62,GREEN,75,90
8/31/2018 13:10,LNXPRODDB01,15.06,GREEN,75,90
8/31/2018 13:15,LNXPRODDB01,41.63,GREEN,75,90
8/31/2018 13:20,LNXPRODDB01,26.42,GREEN,75,90
8/31/2018 13:25,LNXPRODDB01,14.01,GREEN,75,90
8/31/2018 13:30,LNXPRODDB01,29.43,GREEN,75,90
8/31/2018 13:35,LNXPRODDB01,42.8,GREEN,75,90
8/31/2018 13:40,LNXPRODDB01,23.13,GREEN,75,90
8/31/2018 13:45,LNXPRODDB01,21.93,GREEN,75,90
8/31/2018 13:50,LNXPRODDB01,31.26,AMBER,75,90
8/31/2018 13:55,LNXPRODDB01,29.72,AMBER,75,90
8/31/2018 14:00,LNXPRODDB01,54.07,AMBER,75,90
8/31/2018 14:05,LNXPRODDB01,20,AMBER,75,90
8/31/2018 14:10,LNXPRODDB01,53.73,AMBER,75,90
8/31/2018 14:15,LNXPRODDB01,15.79,AMBER,75,90
8/31/2018 14:20,LNXPRODDB01,22.58,AMBER,75,90
8/31/2018 14:25,LNXPRODDB01,31.54,GREEN,75,90
8/31/2018 14:30,LNXPRODDB01,52.96,GREEN,75,90
8/31/2018 14:35,LNXPRODDB01,38.37,GREEN,75,90
8/31/2018 14:40,LNXPRODDB01,11.18,GREEN,75,90
8/31/2018 14:45,LNXPRODDB01,41.43,GREEN,75,90
8/31/2018 14:50,LNXPRODDB01,20.91,GREEN,75,90
8/31/2018 14:55,LNXPRODDB01,45.04,GREEN,75,90
8/31/2018 15:00,LNXPRODDB01,48.58,GREEN,75,90
8/31/2018 15:05,LNXPRODDB01,42.82,GREEN,75,90
8/31/2018 15:10,LNXPRODDB01,12.13,GREEN,75,90
8/31/2018 15:15,LNXPRODDB01,33.18,GREEN,75,90
8/31/2018 15:20,LNXPRODDB01,13.04,GREEN,75,90
8/31/2018 15:25,LNXPRODDB01,14.13,GREEN,75,90
8/31/2018 15:30,LNXPRODDB01,53.76,GREEN,75,90
8/31/2018 15:35,LNXPRODDB01,51.78,GREEN,75,90
8/31/2018 15:40,LNXPRODDB01,26.49,GREEN,75,90
8/31/2018 15:45,LNXPRODDB01,16.47,GREEN,75,90
8/31/2018 15:50,LNXPRODDB01,46.68,GREEN,75,90
8/31/2018 15:55,LNXPRODDB01,26.67,GREEN,75,90
8/31/2018 16:00,LNXPRODDB01,34.13,GREEN,75,90
8/31/2018 16:05,LNXPRODDB01,19.63,GREEN,75,90
8/31/2018 16:10,LNXPRODDB01,46.74,GREEN,75,90
8/31/2018 16:15,LNXPRODDB01,23.39,GREEN,75,90
8/31/2018 16:20,LNXPRODDB01,28.39,GREEN,75,90
8/31/2018 16:25,LNXPRODDB01,19.75,GREEN,75,90
8/31/2018 16:30,LNXPRODDB01,42.04,GREEN,75,90
8/31/2018 16:35,LNXPRODDB01,45.25,GREEN,75,90
8/31/2018 16:40,LNXPRODDB01,45.73,GREEN,75,90
8/31/2018 16:45,LNXPRODDB01,44.22,GREEN,75,90
8/31/2018 16:50,LNXPRODDB01,28.65,GREEN,75,90
8/31/2018 16:55,LNXPRODDB01,39.32,GREEN,75,90
8/31/2018 17:00,LNXPRODDB01,14.23,GREEN,75,90
8/31/2018 17:05,LNXPRODDB01,51.25,GREEN,75,90
8/31/2018 17:10,LNXPRODDB01,54.35,GREEN,75,90
8/31/2018 17:15,LNXPRODDB01,36.51,GREEN,75,90
8/31/2018 17:20,LNXPRODDB01,24.09,GREEN,75,90
8/31/2018 17:25,LNXPRODDB01,37.71,GREEN,75,90
8/31/2018 17:30,LNXPRODDB01,25.76,GREEN,75,90
8/31/2018 17:35,LNXPRODDB01,48.41,GREEN,75,90
8/31/2018 17:40,LNXPRODDB01,46.54,GREEN,75,90
8/31/2018 17:45,LNXPRODDB01,47.97,GREEN,75,90
8/31/2018 17:50,LNXPRODDB01,17.39,GREEN,75,90
8/31/2018 17:55,LNXPRODDB01,19.69,GREEN,75,90
8/31/2018 18:00,LNXPRODDB01,47.49,GREEN,75,90
8/31/2018 18:05,LNXPRODDB01,32.63,GREEN,75,90
8/31/2018 18:10,LNXPRODDB01,10.99,GREEN,75,90
8/31/2018 18:15,LNXPRODDB01,40.8,GREEN,75,90
8/31/2018 18:20,LNXPRODDB01,13.86,GREEN,75,90
8/31/2018 18:25,LNXPRODDB01,23.92,GREEN,75,90
8/31/2018 18:30,LNXPRODDB01,23.13,GREEN,75,90
8/31/2018 18:35,LNXPRODDB01,28.52,GREEN,75,90
8/31/2018 18:40,LNXPRODDB01,31.54,GREEN,75,90
8/31/2018 18:45,LNXPRODDB01,26.68,GREEN,75,90
8/31/2018 18:50,LNXPRODDB01,19.73,GREEN,75,90
8/31/2018 18:55,LNXPRODDB01,45.9,GREEN,75,90
8/31/2018 19:00,LNXPRODDB01,37.22,GREEN,75,90
8/31/2018 19:05,LNXPRODDB01,33.06,GREEN,75,90
8/31/2018 19:10,LNXPRODDB01,34.43,GREEN,75,90
8/31/2018 19:15,LNXPRODDB01,51.54,GREEN,75,90
8/31/2018 19:20,LNXPRODDB01,40.63,GREEN,75,90
8/31/2018 19:25,LNXPRODDB01,15.37,GREEN,75,90
8/31/2018 19:30,LNXPRODDB01,15.32,GREEN,75,90
8/31/2018 19:35,LNXPRODDB01,20.72,GREEN,75,90
8/31/2018 19:40,LNXPRODDB01,51.98,GREEN,75,90
8/31/2018 19:45,LNXPRODDB01,33.09,GREEN,75,90
8/31/2018 19:50,LNXPRODDB01,23.42,GREEN,75,90
8/31/2018 19:55,LNXPRODDB01,31.87,GREEN,75,90
8/31/2018 20:00,LNXPRODDB01,47.19,GREEN,75,90
8/31/2018 20:05,LNXPRODDB01,39,GREEN,75,90
8/31/2018 20:10,LNXPRODDB01,16.31,GREEN,75,90
8/31/2018 20:15,LNXPRODDB01,24.27,GREEN,75,90
8/31/2018 20:20,LNXPRODDB01,47.2,GREEN,75,90
8/31/2018 20:25,LNXPRODDB01,42.96,GREEN,75,90
8/31/2018 20:30,LNXPRODDB01,16.85,GREEN,75,90
8/31/2018 20:35,LNXPRODDB01,20.48,GREEN,75,90
8/31/2018 20:40,LNXPRODDB01,25.46,GREEN,75,90
8/31/2018 20:45,LNXPRODDB01,13.42,GREEN,75,90
8/31/2018 20:50,LNXPRODDB01,23.21,GREEN,75,90
8/31/2018 20:55,LNXPRODDB01,16.32,GREEN,75,90
8/31/2018 21:00,LNXPRODDB01,36.2,GREEN,75,90
8/31/2018 21:05,LNXPRODDB01,20.9,GREEN,75,90
8/31/2018 21:10,LNXPRODDB01,15.03,GREEN,75,90
8/31/2018 21:15,LNXPRODDB01,11,GREEN,75,90
8/31/2018 21:20,LNXPRODDB01,48.72,GREEN,75,90
8/31/2018 21:25,LNXPRODDB01,50.44,GREEN,75,90
8/31/2018 21:30,LNXPRODDB01,40.73,GREEN,75,90
8/31/2018 21:35,LNXPRODDB01,41.2,GREEN,75,90
8/31/2018 21:40,LNXPRODDB01,50.18,GREEN,75,90
8/31/2018 21:45,LNXPRODDB01,40.35,GREEN,75,90
8/31/2018 21:50,LNXPRODDB01,12.83,GREEN,75,90
8/31/2018 21:55,LNXPRODDB01,50.09,GREEN,75,90
8/31/2018 22:00,LNXPRODDB01,28.29,GREEN,75,90
8/31/2018 22:05,LNXPRODDB01,14.48,GREEN,75,90
8/31/2018 22:10,LNXPRODDB01,40.39,GREEN,75,90
8/31/2018 22:15,LNXPRODDB01,51.9,GREEN,75,90
8/31/2018 22:20,LNXPRODDB01,21.37,GREEN,75,90
8/31/2018 22:25,LNXPRODDB01,10.1,GREEN,75,90
8/31/2018 22:30,LNXPRODDB01,35.96,GREEN,75,90
8/31/2018 22:35,LNXPRODDB01,14.26,GREEN,75,90
8/31/2018 22:40,LNXPRODDB01,30.2,GREEN,75,90
8/31/2018 22:45,LNXPRODDB01,17.02,GREEN,75,90
8/31/2018 22:50,LNXPRODDB01,43.2,GREEN,75,90
8/31/2018 22:55,LNXPRODDB01,48.58,GREEN,75,90
8/31/2018 23:00,LNXPRODDB01,54.36,GREEN,75,90
8/31/2018 23:05,LNXPRODDB01,36.41,GREEN,75,90
8/31/2018 23:10,LNXPRODDB01,37.52,GREEN,75,90
8/31/2018 23:15,LNXPRODDB01,10.3,GREEN,75,90
8/31/2018 23:20,LNXPRODDB01,43.36,GREEN,75,90
8/31/2018 23:25,LNXPRODDB01,29.02,GREEN,75,90
8/31/2018 23:30,LNXPRODDB01,51.3,GREEN,75,90
8/31/2018 23:35,LNXPRODDB01,11.49,GREEN,75,90
8/31/2018 23:40,LNXPRODDB01,39.12,GREEN,75,90
8/31/2018 23:45,LNXPRODDB01,23.91,GREEN,75,90
8/31/2018 23:50,LNXPRODDB01,35.56,GREEN,75,90
8/31/2018 23:55,LNXPRODDB01,39.62,GREEN,75,90
8/31/2018 0:00,LNXPRODAPP01,47.98,GREEN,60,85
8/31/2018 0:05,LNXPRODAPP01,53.99,GREEN,60,85
8/31/2018 0:10,LNXPRODAPP01,16.26,GREEN,60,85
8/31/2018 0:15,LNXPRODAPP01,19.73,GREEN,60,85
8/31/2018 0:20,LNXPRODAPP01,35.14,GREEN,60,85
8/31/2018 0:25,LNXPRODAPP01,35.86,GREEN,60,85
8/31/2018 0:30,LNXPRODAPP01,33.51,GREEN,60,85
8/31/2018 0:35,LNXPRODAPP01,14.11,GREEN,60,85
8/31/2018 0:40,LNXPRODAPP01,27.46,GREEN,60,85
8/31/2018 0:45,LNXPRODAPP01,29.8,GREEN,60,85
8/31/2018 0:50,LNXPRODAPP01,13.55,GREEN,60,85
8/31/2018 0:55,LNXPRODAPP01,48.18,GREEN,60,85
8/31/2018 1:00,LNXPRODAPP01,94.65,AMBER,60,85
8/31/2018 1:05,LNXPRODAPP01,99.84,AMBER,60,85
8/31/2018 1:10,LNXPRODAPP01,90.65,AMBER,60,85
8/31/2018 1:15,LNXPRODAPP01,88.09,AMBER,60,85
8/31/2018 1:20,LNXPRODAPP01,89.11,AMBER,60,85
8/31/2018 1:25,LNXPRODAPP01,97.32,AMBER,60,85
8/31/2018 1:30,LNXPRODAPP01,96.1,AMBER,60,85
8/31/2018 1:35,LNXPRODAPP01,99.84,AMBER,60,85
8/31/2018 1:40,LNXPRODAPP01,91.81,AMBER,60,85
8/31/2018 1:45,LNXPRODAPP01,85.56,AMBER,60,85
8/31/2018 1:50,LNXPRODAPP01,92.7,AMBER,60,85
8/31/2018 1:55,LNXPRODAPP01,94.65,AMBER,60,85
8/31/2018 2:00,LNXPRODAPP01,38.71,GREEN,60,85
8/31/2018 2:05,LNXPRODAPP01,47.01,GREEN,60,85
8/31/2018 2:10,LNXPRODAPP01,30.62,GREEN,60,85
8/31/2018 2:15,LNXPRODAPP01,24.04,GREEN,60,85
8/31/2018 2:20,LNXPRODAPP01,30.3,GREEN,60,85
8/31/2018 2:25,LNXPRODAPP01,25.16,GREEN,60,85
8/31/2018 2:30,LNXPRODAPP01,40.26,GREEN,60,85
8/31/2018 2:35,LNXPRODAPP01,14.7,GREEN,60,85
8/31/2018 2:40,LNXPRODAPP01,32.78,GREEN,60,85
8/31/2018 2:45,LNXPRODAPP01,13.28,GREEN,60,85
8/31/2018 2:50,LNXPRODAPP01,32.37,GREEN,60,85
8/31/2018 2:55,LNXPRODAPP01,41.04,GREEN,60,85
8/31/2018 3:00,LNXPRODAPP01,12.65,GREEN,60,85
8/31/2018 3:05,LNXPRODAPP01,31.87,GREEN,60,85
8/31/2018 3:10,LNXPRODAPP01,36.01,GREEN,60,85
8/31/2018 3:15,LNXPRODAPP01,14.99,GREEN,60,85
8/31/2018 3:20,LNXPRODAPP01,42.46,GREEN,60,85
8/31/2018 3:25,LNXPRODAPP01,47.74,GREEN,60,85
8/31/2018 3:30,LNXPRODAPP01,19.85,GREEN,60,85
8/31/2018 3:35,LNXPRODAPP01,46.42,GREEN,60,85
8/31/2018 3:40,LNXPRODAPP01,42.61,GREEN,60,85
8/31/2018 3:45,LNXPRODAPP01,31.51,GREEN,60,85
8/31/2018 3:50,LNXPRODAPP01,47.13,GREEN,60,85
8/31/2018 3:55,LNXPRODAPP01,31.21,GREEN,60,85
8/31/2018 4:00,LNXPRODAPP01,26.89,GREEN,60,85
8/31/2018 4:05,LNXPRODAPP01,50.2,GREEN,60,85
8/31/2018 4:10,LNXPRODAPP01,53.91,GREEN,60,85
8/31/2018 4:15,LNXPRODAPP01,19.65,GREEN,60,85
8/31/2018 4:20,LNXPRODAPP01,30.71,GREEN,60,85
8/31/2018 4:25,LNXPRODAPP01,45.53,GREEN,60,85
8/31/2018 4:30,LNXPRODAPP01,30.76,GREEN,60,85
8/31/2018 4:35,LNXPRODAPP01,53.17,GREEN,60,85
8/31/2018 4:40,LNXPRODAPP01,23.76,GREEN,60,85
8/31/2018 4:45,LNXPRODAPP01,20.15,GREEN,60,85
8/31/2018 4:50,LNXPRODAPP01,36.54,GREEN,60,85
8/31/2018 4:55,LNXPRODAPP01,44.76,GREEN,60,85
8/31/2018 5:00,LNXPRODAPP01,47.11,GREEN,60,85
8/31/2018 5:05,LNXPRODAPP01,27.34,GREEN,60,85
8/31/2018 5:10,LNXPRODAPP01,20.45,GREEN,60,85
8/31/2018 5:15,LNXPRODAPP01,50.69,GREEN,60,85
8/31/2018 5:20,LNXPRODAPP01,51.58,GREEN,60,85
8/31/2018 5:25,LNXPRODAPP01,44.84,GREEN,60,85
8/31/2018 5:30,LNXPRODAPP01,41.63,GREEN,60,85
8/31/2018 5:35,LNXPRODAPP01,45.63,GREEN,60,85
8/31/2018 5:40,LNXPRODAPP01,11.75,GREEN,60,85
8/31/2018 5:45,LNXPRODAPP01,54,GREEN,60,85
8/31/2018 5:50,LNXPRODAPP01,20.11,GREEN,60,85
8/31/2018 5:55,LNXPRODAPP01,39.52,GREEN,60,85
8/31/2018 6:00,LNXPRODAPP01,27.16,GREEN,60,85
8/31/2018 6:05,LNXPRODAPP01,37.57,GREEN,60,85
8/31/2018 6:10,LNXPRODAPP01,22.59,GREEN,60,85
8/31/2018 6:15,LNXPRODAPP01,51.82,GREEN,60,85
8/31/2018 6:20,LNXPRODAPP01,38.71,GREEN,60,85
8/31/2018 6:25,LNXPRODAPP01,36.77,GREEN,60,85
8/31/2018 6:30,LNXPRODAPP01,22.22,GREEN,60,85
8/31/2018 6:35,LNXPRODAPP01,36.85,GREEN,60,85
8/31/2018 6:40,LNXPRODAPP01,21.26,GREEN,60,85
8/31/2018 6:45,LNXPRODAPP01,21.46,GREEN,60,85
8/31/2018 6:50,LNXPRODAPP01,51.31,GREEN,60,85
8/31/2018 6:55,LNXPRODAPP01,29.44,GREEN,60,85
8/31/2018 7:00,LNXPRODAPP01,35.67,GREEN,60,85
8/31/2018 7:05,LNXPRODAPP01,48.83,GREEN,60,85
8/31/2018 7:10,LNXPRODAPP01,27.95,GREEN,60,85
8/31/2018 7:15,LNXPRODAPP01,24.62,GREEN,60,85
8/31/2018 7:20,LNXPRODAPP01,54.89,GREEN,60,85
8/31/2018 7:25,LNXPRODAPP01,21.1,GREEN,60,85
8/31/2018 7:30,LNXPRODAPP01,36.01,GREEN,60,85
8/31/2018 7:35,LNXPRODAPP01,54.28,GREEN,60,85
8/31/2018 7:40,LNXPRODAPP01,51.59,GREEN,60,85
8/31/2018 7:45,LNXPRODAPP01,48.71,GREEN,60,85
8/31/2018 7:50,LNXPRODAPP01,43.07,GREEN,60,85
8/31/2018 7:55,LNXPRODAPP01,35.89,GREEN,60,85
8/31/2018 8:00,LNXPRODAPP01,34.25,GREEN,60,85
8/31/2018 8:05,LNXPRODAPP01,45.13,GREEN,60,85
8/31/2018 8:10,LNXPRODAPP01,49.17,GREEN,60,85
8/31/2018 8:15,LNXPRODAPP01,34.03,GREEN,60,85
8/31/2018 8:20,LNXPRODAPP01,45.46,GREEN,60,85
8/31/2018 8:25,LNXPRODAPP01,21.57,GREEN,60,85
8/31/2018 8:30,LNXPRODAPP01,27.85,GREEN,60,85
8/31/2018 8:35,LNXPRODAPP01,38.16,GREEN,60,85
8/31/2018 8:40,LNXPRODAPP01,35.93,GREEN,60,85
8/31/2018 8:45,LNXPRODAPP01,15.1,GREEN,60,85
8/31/2018 8:50,LNXPRODAPP01,43.2,GREEN,60,85
8/31/2018 8:55,LNXPRODAPP01,27.91,GREEN,60,85
8/31/2018 9:00,LNXPRODAPP01,34.96,GREEN,60,85
8/31/2018 9:05,LNXPRODAPP01,38.95,GREEN,60,85
8/31/2018 9:10,LNXPRODAPP01,20.53,GREEN,60,85
8/31/2018 9:15,LNXPRODAPP01,11.17,GREEN,60,85
8/31/2018 9:20,LNXPRODAPP01,41.74,GREEN,60,85
8/31/2018 9:25,LNXPRODAPP01,17.48,GREEN,60,85
8/31/2018 9:30,LNXPRODAPP01,18.6,GREEN,60,85
8/31/2018 9:35,LNXPRODAPP01,11.89,GREEN,60,85
8/31/2018 9:40,LNXPRODAPP01,46.63,GREEN,60,85
8/31/2018 9:45,LNXPRODAPP01,44.05,GREEN,60,85
8/31/2018 9:50,LNXPRODAPP01,35.36,GREEN,60,85
8/31/2018 9:55,LNXPRODAPP01,49.41,GREEN,60,85
8/31/2018 10:00,LNXPRODAPP01,44.04,GREEN,60,85
8/31/2018 10:05,LNXPRODAPP01,51.32,GREEN,60,85
8/31/2018 10:10,LNXPRODAPP01,11.78,GREEN,60,85
8/31/2018 10:15,LNXPRODAPP01,52.18,GREEN,60,85
8/31/2018 10:20,LNXPRODAPP01,49.42,GREEN,60,85
8/31/2018 10:25,LNXPRODAPP01,37.14,GREEN,60,85
8/31/2018 10:30,LNXPRODAPP01,30.37,GREEN,60,85
8/31/2018 10:35,LNXPRODAPP01,17.94,GREEN,60,85
8/31/2018 10:40,LNXPRODAPP01,33.08,GREEN,60,85
8/31/2018 10:45,LNXPRODAPP01,24.18,GREEN,60,85
8/31/2018 10:50,LNXPRODAPP01,36.16,GREEN,60,85
8/31/2018 10:55,LNXPRODAPP01,41.26,GREEN,60,85
8/31/2018 11:00,LNXPRODAPP01,46.54,GREEN,60,85
8/31/2018 11:05,LNXPRODAPP01,42.97,GREEN,60,85
8/31/2018 11:10,LNXPRODAPP01,23.89,GREEN,60,85
8/31/2018 11:15,LNXPRODAPP01,49.56,GREEN,60,85
8/31/2018 11:20,LNXPRODAPP01,48.67,GREEN,60,85
8/31/2018 11:25,LNXPRODAPP01,31.82,GREEN,60,85
8/31/2018 11:30,LNXPRODAPP01,43.37,GREEN,60,85
8/31/2018 11:35,LNXPRODAPP01,32.58,GREEN,60,85
8/31/2018 11:40,LNXPRODAPP01,37.29,GREEN,60,85
8/31/2018 11:45,LNXPRODAPP01,42.61,GREEN,60,85
8/31/2018 11:50,LNXPRODAPP01,19.39,GREEN,60,85
8/31/2018 11:55,LNXPRODAPP01,22.79,GREEN,60,85
8/31/2018 12:00,LNXPRODAPP01,23.07,GREEN,60,85
8/31/2018 12:05,LNXPRODAPP01,25.5,GREEN,60,85
8/31/2018 12:10,LNXPRODAPP01,50.04,GREEN,60,85
8/31/2018 12:15,LNXPRODAPP01,32.52,GREEN,60,85
8/31/2018 12:20,LNXPRODAPP01,29.79,GREEN,60,85
8/31/2018 12:25,LNXPRODAPP01,10.67,GREEN,60,85
8/31/2018 12:30,LNXPRODAPP01,35.78,GREEN,60,85
8/31/2018 12:35,LNXPRODAPP01,39.55,GREEN,60,85
8/31/2018 12:40,LNXPRODAPP01,37.63,GREEN,60,85
8/31/2018 12:45,LNXPRODAPP01,46.85,GREEN,60,85
8/31/2018 12:50,LNXPRODAPP01,14.73,GREEN,60,85
8/31/2018 12:55,LNXPRODAPP01,22.03,GREEN,60,85
8/31/2018 13:00,LNXPRODAPP01,28.08,GREEN,60,85
8/31/2018 13:05,LNXPRODAPP01,42.71,GREEN,60,85
8/31/2018 13:10,LNXPRODAPP01,16.29,GREEN,60,85
8/31/2018 13:15,LNXPRODAPP01,23.38,GREEN,60,85
8/31/2018 13:20,LNXPRODAPP01,49.18,GREEN,60,85
8/31/2018 13:25,LNXPRODAPP01,21.78,GREEN,60,85
8/31/2018 13:30,LNXPRODAPP01,44.23,GREEN,60,85
8/31/2018 13:35,LNXPRODAPP01,32.56,GREEN,60,85
8/31/2018 13:40,LNXPRODAPP01,20.63,GREEN,60,85
8/31/2018 13:45,LNXPRODAPP01,39.56,GREEN,60,85
8/31/2018 13:50,LNXPRODAPP01,28.96,GREEN,60,85
8/31/2018 13:55,LNXPRODAPP01,44.88,GREEN,60,85
8/31/2018 14:00,LNXPRODAPP01,46.44,GREEN,60,85
8/31/2018 14:05,LNXPRODAPP01,54.08,GREEN,60,85
8/31/2018 14:10,LNXPRODAPP01,54.55,GREEN,60,85
8/31/2018 14:15,LNXPRODAPP01,25.06,GREEN,60,85
8/31/2018 14:20,LNXPRODAPP01,32.93,GREEN,60,85
8/31/2018 14:25,LNXPRODAPP01,46.97,GREEN,60,85
8/31/2018 14:30,LNXPRODAPP01,39.25,GREEN,60,85
8/31/2018 14:35,LNXPRODAPP01,17.1,GREEN,60,85
8/31/2018 14:40,LNXPRODAPP01,30.86,GREEN,60,85
8/31/2018 14:45,LNXPRODAPP01,20.02,GREEN,60,85
8/31/2018 14:50,LNXPRODAPP01,29.31,GREEN,60,85
8/31/2018 14:55,LNXPRODAPP01,47.13,GREEN,60,85
8/31/2018 15:00,LNXPRODAPP01,51.37,GREEN,60,85
8/31/2018 15:05,LNXPRODAPP01,24.03,GREEN,60,85
8/31/2018 15:10,LNXPRODAPP01,49.29,GREEN,60,85
8/31/2018 15:15,LNXPRODAPP01,46.94,GREEN,60,85
8/31/2018 15:20,LNXPRODAPP01,14.44,GREEN,60,85
8/31/2018 15:25,LNXPRODAPP01,13.27,GREEN,60,85
8/31/2018 15:30,LNXPRODAPP01,29.81,GREEN,60,85
8/31/2018 15:35,LNXPRODAPP01,20.3,GREEN,60,85
8/31/2018 15:40,LNXPRODAPP01,48.93,GREEN,60,85
8/31/2018 15:45,LNXPRODAPP01,40.9,GREEN,60,85
8/31/2018 15:50,LNXPRODAPP01,12.05,GREEN,60,85
8/31/2018 15:55,LNXPRODAPP01,22.17,GREEN,60,85
8/31/2018 16:00,LNXPRODAPP01,24.28,GREEN,60,85
8/31/2018 16:05,LNXPRODAPP01,34.8,GREEN,60,85
8/31/2018 16:10,LNXPRODAPP01,50.86,GREEN,60,85
8/31/2018 16:15,LNXPRODAPP01,28.87,GREEN,60,85
8/31/2018 16:20,LNXPRODAPP01,35.23,GREEN,60,85
8/31/2018 16:25,LNXPRODAPP01,40.08,GREEN,60,85
8/31/2018 16:30,LNXPRODAPP01,36.64,GREEN,60,85
8/31/2018 16:35,LNXPRODAPP01,25.5,GREEN,60,85
8/31/2018 16:40,LNXPRODAPP01,32.89,GREEN,60,85
8/31/2018 16:45,LNXPRODAPP01,25.57,GREEN,60,85
8/31/2018 16:50,LNXPRODAPP01,19.53,GREEN,60,85
8/31/2018 16:55,LNXPRODAPP01,50.93,GREEN,60,85
8/31/2018 17:00,LNXPRODAPP01,54.27,GREEN,60,85
8/31/2018 17:05,LNXPRODAPP01,29.99,GREEN,60,85
8/31/2018 17:10,LNXPRODAPP01,45.53,GREEN,60,85
8/31/2018 17:15,LNXPRODAPP01,17.84,GREEN,60,85
8/31/2018 17:20,LNXPRODAPP01,42.25,GREEN,60,85
8/31/2018 17:25,LNXPRODAPP01,50.21,GREEN,60,85
8/31/2018 17:30,LNXPRODAPP01,22.14,GREEN,60,85
8/31/2018 17:35,LNXPRODAPP01,50.34,GREEN,60,85
8/31/2018 17:40,LNXPRODAPP01,53.55,GREEN,60,85
8/31/2018 17:45,LNXPRODAPP01,34.9,GREEN,60,85
8/31/2018 17:50,LNXPRODAPP01,40.47,GREEN,60,85
8/31/2018 17:55,LNXPRODAPP01,40.96,GREEN,60,85
8/31/2018 18:00,LNXPRODAPP01,42.37,GREEN,60,85
8/31/2018 18:05,LNXPRODAPP01,30.24,GREEN,60,85
8/31/2018 18:10,LNXPRODAPP01,25.72,GREEN,60,85
8/31/2018 18:15,LNXPRODAPP01,11.34,GREEN,60,85
8/31/2018 18:20,LNXPRODAPP01,24.04,GREEN,60,85
8/31/2018 18:25,LNXPRODAPP01,41.94,GREEN,60,85
8/31/2018 18:30,LNXPRODAPP01,28.53,GREEN,60,85
8/31/2018 18:35,LNXPRODAPP01,12.63,GREEN,60,85
8/31/2018 18:40,LNXPRODAPP01,51.71,GREEN,60,85
8/31/2018 18:45,LNXPRODAPP01,30.68,GREEN,60,85
8/31/2018 18:50,LNXPRODAPP01,48.78,GREEN,60,85
8/31/2018 18:55,LNXPRODAPP01,53.72,GREEN,60,85
8/31/2018 19:00,LNXPRODAPP01,41.95,GREEN,60,85
8/31/2018 19:05,LNXPRODAPP01,28.5,GREEN,60,85
8/31/2018 19:10,LNXPRODAPP01,40.93,GREEN,60,85
8/31/2018 19:15,LNXPRODAPP01,38.82,GREEN,60,85
8/31/2018 19:20,LNXPRODAPP01,40.97,GREEN,60,85
8/31/2018 19:25,LNXPRODAPP01,15.1,GREEN,60,85
8/31/2018 19:30,LNXPRODAPP01,44.15,GREEN,60,85
8/31/2018 19:35,LNXPRODAPP01,25.74,GREEN,60,85
8/31/2018 19:40,LNXPRODAPP01,23.02,GREEN,60,85
8/31/2018 19:45,LNXPRODAPP01,19.13,GREEN,60,85
8/31/2018 19:50,LNXPRODAPP01,24.51,GREEN,60,85
8/31/2018 19:55,LNXPRODAPP01,21.38,GREEN,60,85
8/31/2018 20:00,LNXPRODAPP01,27.07,GREEN,60,85
8/31/2018 20:05,LNXPRODAPP01,15.8,GREEN,60,85
8/31/2018 20:10,LNXPRODAPP01,36.94,GREEN,60,85
8/31/2018 20:15,LNXPRODAPP01,16.21,GREEN,60,85
8/31/2018 20:20,LNXPRODAPP01,16.61,GREEN,60,85
8/31/2018 20:25,LNXPRODAPP01,34.66,GREEN,60,85
8/31/2018 20:30,LNXPRODAPP01,54.32,GREEN,60,85
8/31/2018 20:35,LNXPRODAPP01,11.04,GREEN,60,85
8/31/2018 20:40,LNXPRODAPP01,50.61,GREEN,60,85
8/31/2018 20:45,LNXPRODAPP01,23.01,GREEN,60,85
8/31/2018 20:50,LNXPRODAPP01,32.88,GREEN,60,85
8/31/2018 20:55,LNXPRODAPP01,26.62,GREEN,60,85
8/31/2018 21:00,LNXPRODAPP01,17.16,GREEN,60,85
8/31/2018 21:05,LNXPRODAPP01,29.32,GREEN,60,85
8/31/2018 21:10,LNXPRODAPP01,47.69,GREEN,60,85
8/31/2018 21:15,LNXPRODAPP01,26.79,GREEN,60,85
8/31/2018 21:20,LNXPRODAPP01,37.58,GREEN,60,85
8/31/2018 21:25,LNXPRODAPP01,20.59,GREEN,60,85
8/31/2018 21:30,LNXPRODAPP01,54.2,GREEN,60,85
8/31/2018 21:35,LNXPRODAPP01,52.66,GREEN,60,85
8/31/2018 21:40,LNXPRODAPP01,12.89,GREEN,60,85
8/31/2018 21:45,LNXPRODAPP01,16.41,GREEN,60,85
8/31/2018 21:50,LNXPRODAPP01,45.72,GREEN,60,85
8/31/2018 21:55,LNXPRODAPP01,23.39,GREEN,60,85
8/31/2018 22:00,LNXPRODAPP01,38.77,GREEN,60,85
8/31/2018 22:05,LNXPRODAPP01,21.62,GREEN,60,85
8/31/2018 22:10,LNXPRODAPP01,50.77,GREEN,60,85
8/31/2018 22:15,LNXPRODAPP01,27.95,GREEN,60,85
8/31/2018 22:20,LNXPRODAPP01,15.29,GREEN,60,85
8/31/2018 22:25,LNXPRODAPP01,46.2,GREEN,60,85
8/31/2018 22:30,LNXPRODAPP01,30.28,GREEN,60,85
8/31/2018 22:35,LNXPRODAPP01,36.42,GREEN,60,85
8/31/2018 22:40,LNXPRODAPP01,39.48,GREEN,60,85
8/31/2018 22:45,LNXPRODAPP01,20.75,GREEN,60,85
8/31/2018 22:50,LNXPRODAPP01,24.61,GREEN,60,85
8/31/2018 22:55,LNXPRODAPP01,54.25,GREEN,60,85
8/31/2018 23:00,LNXPRODAPP01,42.65,GREEN,60,85
8/31/2018 23:05,LNXPRODAPP01,35.87,GREEN,60,85
8/31/2018 23:10,LNXPRODAPP01,24.34,GREEN,60,85
8/31/2018 23:15,LNXPRODAPP01,22.39,GREEN,60,85
8/31/2018 23:20,LNXPRODAPP01,11.78,GREEN,60,85
8/31/2018 23:25,LNXPRODAPP01,32.27,GREEN,60,85
8/31/2018 23:30,LNXPRODAPP01,38.27,GREEN,60,85
8/31/2018 23:35,LNXPRODAPP01,52.79,GREEN,60,85
8/31/2018 23:40,LNXPRODAPP01,35.07,GREEN,60,85
8/31/2018 23:45,LNXPRODAPP01,51.6,GREEN,60,85
8/31/2018 23:50,LNXPRODAPP01,25.16,GREEN,60,85
8/31/2018 23:55,LNXPRODAPP01,31.65,GREEN,60,85
8/31/2018 0:00,LNXPRODAPP02,29.77,GREEN,60,85
8/31/2018 0:05,LNXPRODAPP02,38.1,GREEN,60,85
8/31/2018 0:10,LNXPRODAPP02,29.29,GREEN,60,85
8/31/2018 0:15,LNXPRODAPP02,36.91,GREEN,60,85
8/31/2018 0:20,LNXPRODAPP02,23.85,GREEN,60,85
8/31/2018 0:25,LNXPRODAPP02,24.66,GREEN,60,85
8/31/2018 0:30,LNXPRODAPP02,18.52,GREEN,60,85
8/31/2018 0:35,LNXPRODAPP02,50.39,GREEN,60,85
8/31/2018 0:40,LNXPRODAPP02,18.79,GREEN,60,85
8/31/2018 0:45,LNXPRODAPP02,16.39,GREEN,60,85
8/31/2018 0:50,LNXPRODAPP02,28.67,GREEN,60,85
8/31/2018 0:55,LNXPRODAPP02,47.19,GREEN,60,85
8/31/2018 1:00,LNXPRODAPP02,43.6,GREEN,60,85
8/31/2018 1:05,LNXPRODAPP02,95.15,AMBER,60,85
8/31/2018 1:10,LNXPRODAPP02,96.42,AMBER,60,85
8/31/2018 1:15,LNXPRODAPP02,95.39,AMBER,60,85
8/31/2018 1:20,LNXPRODAPP02,99.99,AMBER,60,85
8/31/2018 1:25,LNXPRODAPP02,89.95,AMBER,60,85
8/31/2018 1:30,LNXPRODAPP02,88.14,AMBER,60,85
8/31/2018 1:35,LNXPRODAPP02,92.44,AMBER,60,85
8/31/2018 1:40,LNXPRODAPP02,85.09,AMBER,60,85
8/31/2018 1:45,LNXPRODAPP02,89.69,AMBER,60,85
8/31/2018 1:50,LNXPRODAPP02,97.91,AMBER,60,85
8/31/2018 1:55,LNXPRODAPP02,91.68,AMBER,60,85
8/31/2018 2:00,LNXPRODAPP02,96.92,AMBER,60,85
8/31/2018 2:05,LNXPRODAPP02,15.41,GREEN,60,85
8/31/2018 2:10,LNXPRODAPP02,40.87,GREEN,60,85
8/31/2018 2:15,LNXPRODAPP02,10.08,GREEN,60,85
8/31/2018 2:20,LNXPRODAPP02,38.62,GREEN,60,85
8/31/2018 2:25,LNXPRODAPP02,27.84,GREEN,60,85
8/31/2018 2:30,LNXPRODAPP02,15.19,GREEN,60,85
8/31/2018 2:35,LNXPRODAPP02,45.32,GREEN,60,85
8/31/2018 2:40,LNXPRODAPP02,11.56,GREEN,60,85
8/31/2018 2:45,LNXPRODAPP02,54.59,GREEN,60,85
8/31/2018 2:50,LNXPRODAPP02,43.12,GREEN,60,85
8/31/2018 2:55,LNXPRODAPP02,28.64,GREEN,60,85
8/31/2018 3:00,LNXPRODAPP02,51.65,GREEN,60,85
8/31/2018 3:05,LNXPRODAPP02,20.33,GREEN,60,85
8/31/2018 3:10,LNXPRODAPP02,34.21,GREEN,60,85
8/31/2018 3:15,LNXPRODAPP02,54.55,GREEN,60,85
8/31/2018 3:20,LNXPRODAPP02,52.7,GREEN,60,85
8/31/2018 3:25,LNXPRODAPP02,24.77,GREEN,60,85
8/31/2018 3:30,LNXPRODAPP02,31.54,GREEN,60,85
8/31/2018 3:35,LNXPRODAPP02,15.07,GREEN,60,85
8/31/2018 3:40,LNXPRODAPP02,31.51,GREEN,60,85
8/31/2018 3:45,LNXPRODAPP02,34.73,GREEN,60,85
8/31/2018 3:50,LNXPRODAPP02,29.4,GREEN,60,85
8/31/2018 3:55,LNXPRODAPP02,25.52,GREEN,60,85
8/31/2018 4:00,LNXPRODAPP02,13.33,GREEN,60,85
8/31/2018 4:05,LNXPRODAPP02,40.65,GREEN,60,85
8/31/2018 4:10,LNXPRODAPP02,39.31,GREEN,60,85
8/31/2018 4:15,LNXPRODAPP02,24.82,GREEN,60,85
8/31/2018 4:20,LNXPRODAPP02,24.53,GREEN,60,85
8/31/2018 4:25,LNXPRODAPP02,21.19,GREEN,60,85
8/31/2018 4:30,LNXPRODAPP02,51.29,GREEN,60,85
8/31/2018 4:35,LNXPRODAPP02,43.49,GREEN,60,85
8/31/2018 4:40,LNXPRODAPP02,31.62,GREEN,60,85
8/31/2018 4:45,LNXPRODAPP02,24.56,GREEN,60,85
8/31/2018 4:50,LNXPRODAPP02,36.68,GREEN,60,85
8/31/2018 4:55,LNXPRODAPP02,26.43,GREEN,60,85
8/31/2018 5:00,LNXPRODAPP02,43.48,GREEN,60,85
8/31/2018 5:05,LNXPRODAPP02,20.42,GREEN,60,85
8/31/2018 5:10,LNXPRODAPP02,23.43,GREEN,60,85
8/31/2018 5:15,LNXPRODAPP02,38.38,GREEN,60,85
8/31/2018 5:20,LNXPRODAPP02,35.37,GREEN,60,85
8/31/2018 5:25,LNXPRODAPP02,11.35,GREEN,60,85
8/31/2018 5:30,LNXPRODAPP02,41.6,GREEN,60,85
8/31/2018 5:35,LNXPRODAPP02,46.96,GREEN,60,85
8/31/2018 5:40,LNXPRODAPP02,35.11,GREEN,60,85
8/31/2018 5:45,LNXPRODAPP02,37.17,GREEN,60,85
8/31/2018 5:50,LNXPRODAPP02,52.48,GREEN,60,85
8/31/2018 5:55,LNXPRODAPP02,40.95,GREEN,60,85
8/31/2018 6:00,LNXPRODAPP02,29.67,GREEN,60,85
8/31/2018 6:05,LNXPRODAPP02,42.24,GREEN,60,85
8/31/2018 6:10,LNXPRODAPP02,52.08,GREEN,60,85
8/31/2018 6:15,LNXPRODAPP02,14.11,GREEN,60,85
8/31/2018 6:20,LNXPRODAPP02,25.88,GREEN,60,85
8/31/2018 6:25,LNXPRODAPP02,17.14,GREEN,60,85
8/31/2018 6:30,LNXPRODAPP02,51.24,GREEN,60,85
8/31/2018 6:35,LNXPRODAPP02,44.67,GREEN,60,85
8/31/2018 6:40,LNXPRODAPP02,33.05,GREEN,60,85
8/31/2018 6:45,LNXPRODAPP02,25.41,GREEN,60,85
8/31/2018 6:50,LNXPRODAPP02,52.02,GREEN,60,85
8/31/2018 6:55,LNXPRODAPP02,44.87,GREEN,60,85
8/31/2018 7:00,LNXPRODAPP02,33.21,GREEN,60,85
8/31/2018 7:05,LNXPRODAPP02,30.51,GREEN,60,85
8/31/2018 7:10,LNXPRODAPP02,53.95,GREEN,60,85
8/31/2018 7:15,LNXPRODAPP02,46.18,GREEN,60,85
8/31/2018 7:20,LNXPRODAPP02,25.15,GREEN,60,85
8/31/2018 7:25,LNXPRODAPP02,30.48,GREEN,60,85
8/31/2018 7:30,LNXPRODAPP02,20.15,GREEN,60,85
8/31/2018 7:35,LNXPRODAPP02,52.57,GREEN,60,85
8/31/2018 7:40,LNXPRODAPP02,18.97,GREEN,60,85
8/31/2018 7:45,LNXPRODAPP02,32.65,GREEN,60,85
8/31/2018 7:50,LNXPRODAPP02,49.49,GREEN,60,85
8/31/2018 7:55,LNXPRODAPP02,31.34,GREEN,60,85
8/31/2018 8:00,LNXPRODAPP02,26.06,GREEN,60,85
8/31/2018 8:05,LNXPRODAPP02,17.97,GREEN,60,85
8/31/2018 8:10,LNXPRODAPP02,40.57,GREEN,60,85
8/31/2018 8:15,LNXPRODAPP02,32.96,GREEN,60,85
8/31/2018 8:20,LNXPRODAPP02,42.02,GREEN,60,85
8/31/2018 8:25,LNXPRODAPP02,46.62,GREEN,60,85
8/31/2018 8:30,LNXPRODAPP02,22.49,GREEN,60,85
8/31/2018 8:35,LNXPRODAPP02,16.82,GREEN,60,85
8/31/2018 8:40,LNXPRODAPP02,33.09,GREEN,60,85
8/31/2018 8:45,LNXPRODAPP02,50.08,GREEN,60,85
8/31/2018 8:50,LNXPRODAPP02,48.78,GREEN,60,85
8/31/2018 8:55,LNXPRODAPP02,43.06,GREEN,60,85
8/31/2018 9:00,LNXPRODAPP02,35.47,GREEN,60,85
8/31/2018 9:05,LNXPRODAPP02,27.04,GREEN,60,85
8/31/2018 9:10,LNXPRODAPP02,26.07,GREEN,60,85
8/31/2018 9:15,LNXPRODAPP02,52.19,GREEN,60,85
8/31/2018 9:20,LNXPRODAPP02,44.98,GREEN,60,85
8/31/2018 9:25,LNXPRODAPP02,23.02,GREEN,60,85
8/31/2018 9:30,LNXPRODAPP02,38.3,GREEN,60,85
8/31/2018 9:35,LNXPRODAPP02,27.87,GREEN,60,85
8/31/2018 9:40,LNXPRODAPP02,13.69,GREEN,60,85
8/31/2018 9:45,LNXPRODAPP02,50.12,GREEN,60,85
8/31/2018 9:50,LNXPRODAPP02,41.84,GREEN,60,85
8/31/2018 9:55,LNXPRODAPP02,42.41,GREEN,60,85
8/31/2018 10:00,LNXPRODAPP02,44.26,GREEN,60,85
8/31/2018 10:05,LNXPRODAPP02,50.29,GREEN,60,85
8/31/2018 10:10,LNXPRODAPP02,31.02,GREEN,60,85
8/31/2018 10:15,LNXPRODAPP02,26.54,GREEN,60,85
8/31/2018 10:20,LNXPRODAPP02,50.65,GREEN,60,85
8/31/2018 10:25,LNXPRODAPP02,11.04,GREEN,60,85
8/31/2018 10:30,LNXPRODAPP02,49.28,GREEN,60,85
8/31/2018 10:35,LNXPRODAPP02,22.96,GREEN,60,85
8/31/2018 10:40,LNXPRODAPP02,45.76,GREEN,60,85
8/31/2018 10:45,LNXPRODAPP02,41.53,GREEN,60,85
8/31/2018 10:50,LNXPRODAPP02,39.68,GREEN,60,85
8/31/2018 10:55,LNXPRODAPP02,27.6,GREEN,60,85
8/31/2018 11:00,LNXPRODAPP02,24.29,GREEN,60,85
8/31/2018 11:05,LNXPRODAPP02,47.49,GREEN,60,85
8/31/2018 11:10,LNXPRODAPP02,14.73,GREEN,60,85
8/31/2018 11:15,LNXPRODAPP02,48.92,GREEN,60,85
8/31/2018 11:20,LNXPRODAPP02,54.79,GREEN,60,85
8/31/2018 11:25,LNXPRODAPP02,51.97,GREEN,60,85
8/31/2018 11:30,LNXPRODAPP02,30.12,GREEN,60,85
8/31/2018 11:35,LNXPRODAPP02,36.35,GREEN,60,85
8/31/2018 11:40,LNXPRODAPP02,30.65,GREEN,60,85
8/31/2018 11:45,LNXPRODAPP02,24.8,GREEN,60,85
8/31/2018 11:50,LNXPRODAPP02,14.71,GREEN,60,85
8/31/2018 11:55,LNXPRODAPP02,31.66,GREEN,60,85
8/31/2018 12:00,LNXPRODAPP02,15.41,GREEN,60,85
8/31/2018 12:05,LNXPRODAPP02,34.28,GREEN,60,85
8/31/2018 12:10,LNXPRODAPP02,50.12,GREEN,60,85
8/31/2018 12:15,LNXPRODAPP02,13.59,GREEN,60,85
8/31/2018 12:20,LNXPRODAPP02,32.14,GREEN,60,85
8/31/2018 12:25,LNXPRODAPP02,33.97,GREEN,60,85
8/31/2018 12:30,LNXPRODAPP02,31.89,GREEN,60,85
8/31/2018 12:35,LNXPRODAPP02,49.09,GREEN,60,85
8/31/2018 12:40,LNXPRODAPP02,23.93,GREEN,60,85
8/31/2018 12:45,LNXPRODAPP02,50.29,GREEN,60,85
8/31/2018 12:50,LNXPRODAPP02,23.41,GREEN,60,85
8/31/2018 12:55,LNXPRODAPP02,52.58,GREEN,60,85
8/31/2018 13:00,LNXPRODAPP02,30.76,GREEN,60,85
8/31/2018 13:05,LNXPRODAPP02,18.13,GREEN,60,85
8/31/2018 13:10,LNXPRODAPP02,17.6,GREEN,60,85
8/31/2018 13:15,LNXPRODAPP02,30.58,GREEN,60,85
8/31/2018 13:20,LNXPRODAPP02,25.2,GREEN,60,85
8/31/2018 13:25,LNXPRODAPP02,40.68,GREEN,60,85
8/31/2018 13:30,LNXPRODAPP02,39.49,GREEN,60,85
8/31/2018 13:35,LNXPRODAPP02,44.94,GREEN,60,85
8/31/2018 13:40,LNXPRODAPP02,13.98,GREEN,60,85
8/31/2018 13:45,LNXPRODAPP02,39.2,GREEN,60,85
8/31/2018 13:50,LNXPRODAPP02,23.15,GREEN,60,85
8/31/2018 13:55,LNXPRODAPP02,19.49,GREEN,60,85
8/31/2018 14:00,LNXPRODAPP02,36,GREEN,60,85
8/31/2018 14:05,LNXPRODAPP02,38.68,GREEN,60,85
8/31/2018 14:10,LNXPRODAPP02,41.97,GREEN,60,85
8/31/2018 14:15,LNXPRODAPP02,27.81,GREEN,60,85
8/31/2018 14:20,LNXPRODAPP02,46.07,GREEN,60,85
8/31/2018 14:25,LNXPRODAPP02,24.45,GREEN,60,85
8/31/2018 14:30,LNXPRODAPP02,26.6,GREEN,60,85
8/31/2018 14:35,LNXPRODAPP02,11.05,GREEN,60,85
8/31/2018 14:40,LNXPRODAPP02,24.66,GREEN,60,85
8/31/2018 14:45,LNXPRODAPP02,52.65,GREEN,60,85
8/31/2018 14:50,LNXPRODAPP02,32.2,GREEN,60,85
8/31/2018 14:55,LNXPRODAPP02,31.99,GREEN,60,85
8/31/2018 15:00,LNXPRODAPP02,43.39,GREEN,60,85
8/31/2018 15:05,LNXPRODAPP02,42,GREEN,60,85
8/31/2018 15:10,LNXPRODAPP02,52.5,GREEN,60,85
8/31/2018 15:15,LNXPRODAPP02,46.98,GREEN,60,85
8/31/2018 15:20,LNXPRODAPP02,33.49,GREEN,60,85
8/31/2018 15:25,LNXPRODAPP02,22.27,GREEN,60,85
8/31/2018 15:30,LNXPRODAPP02,42.34,GREEN,60,85
8/31/2018 15:35,LNXPRODAPP02,47.01,GREEN,60,85
8/31/2018 15:40,LNXPRODAPP02,34.1,GREEN,60,85
8/31/2018 15:45,LNXPRODAPP02,37.88,GREEN,60,85
8/31/2018 15:50,LNXPRODAPP02,20.95,GREEN,60,85
8/31/2018 15:55,LNXPRODAPP02,13.44,GREEN,60,85
8/31/2018 16:00,LNXPRODAPP02,42.56,GREEN,60,85
8/31/2018 16:05,LNXPRODAPP02,44.37,GREEN,60,85
8/31/2018 16:10,LNXPRODAPP02,31.71,GREEN,60,85
8/31/2018 16:15,LNXPRODAPP02,53.64,GREEN,60,85
8/31/2018 16:20,LNXPRODAPP02,34.88,GREEN,60,85
8/31/2018 16:25,LNXPRODAPP02,29.14,GREEN,60,85
8/31/2018 16:30,LNXPRODAPP02,49.28,GREEN,60,85
8/31/2018 16:35,LNXPRODAPP02,49.11,GREEN,60,85
8/31/2018 16:40,LNXPRODAPP02,20.09,GREEN,60,85
8/31/2018 16:45,LNXPRODAPP02,14.81,GREEN,60,85
8/31/2018 16:50,LNXPRODAPP02,24.87,GREEN,60,85
8/31/2018 16:55,LNXPRODAPP02,30.58,GREEN,60,85
8/31/2018 17:00,LNXPRODAPP02,16.85,GREEN,60,85
8/31/2018 17:05,LNXPRODAPP02,25.88,GREEN,60,85
8/31/2018 17:10,LNXPRODAPP02,17.04,GREEN,60,85
8/31/2018 17:15,LNXPRODAPP02,18.83,GREEN,60,85
8/31/2018 17:20,LNXPRODAPP02,19.29,GREEN,60,85
8/31/2018 17:25,LNXPRODAPP02,22.97,GREEN,60,85
8/31/2018 17:30,LNXPRODAPP02,48.25,GREEN,60,85
8/31/2018 17:35,LNXPRODAPP02,44.7,GREEN,60,85
8/31/2018 17:40,LNXPRODAPP02,21.94,GREEN,60,85
8/31/2018 17:45,LNXPRODAPP02,16.9,GREEN,60,85
8/31/2018 17:50,LNXPRODAPP02,21.99,GREEN,60,85
8/31/2018 17:55,LNXPRODAPP02,25.75,GREEN,60,85
8/31/2018 18:00,LNXPRODAPP02,15.69,GREEN,60,85
8/31/2018 18:05,LNXPRODAPP02,35.45,GREEN,60,85
8/31/2018 18:10,LNXPRODAPP02,17.48,GREEN,60,85
8/31/2018 18:15,LNXPRODAPP02,43.59,GREEN,60,85
8/31/2018 18:20,LNXPRODAPP02,38.72,GREEN,60,85
8/31/2018 18:25,LNXPRODAPP02,46.07,GREEN,60,85
8/31/2018 18:30,LNXPRODAPP02,52.01,GREEN,60,85
8/31/2018 18:35,LNXPRODAPP02,49.61,GREEN,60,85
8/31/2018 18:40,LNXPRODAPP02,23.11,GREEN,60,85
8/31/2018 18:45,LNXPRODAPP02,42.42,GREEN,60,85
8/31/2018 18:50,LNXPRODAPP02,45.71,GREEN,60,85
8/31/2018 18:55,LNXPRODAPP02,10.87,GREEN,60,85
8/31/2018 19:00,LNXPRODAPP02,12.16,GREEN,60,85
8/31/2018 19:05,LNXPRODAPP02,50.46,GREEN,60,85
8/31/2018 19:10,LNXPRODAPP02,43.72,GREEN,60,85
8/31/2018 19:15,LNXPRODAPP02,52.01,GREEN,60,85
8/31/2018 19:20,LNXPRODAPP02,34.5,GREEN,60,85
8/31/2018 19:25,LNXPRODAPP02,35.34,GREEN,60,85
8/31/2018 19:30,LNXPRODAPP02,24.78,GREEN,60,85
8/31/2018 19:35,LNXPRODAPP02,29.65,GREEN,60,85
8/31/2018 19:40,LNXPRODAPP02,26.45,GREEN,60,85
8/31/2018 19:45,LNXPRODAPP02,32.59,GREEN,60,85
8/31/2018 19:50,LNXPRODAPP02,49.92,GREEN,60,85
8/31/2018 19:55,LNXPRODAPP02,30.2,GREEN,60,85
8/31/2018 20:00,LNXPRODAPP02,26.37,GREEN,60,85
8/31/2018 20:05,LNXPRODAPP02,17.54,GREEN,60,85
8/31/2018 20:10,LNXPRODAPP02,23.06,GREEN,60,85
8/31/2018 20:15,LNXPRODAPP02,18.77,GREEN,60,85
8/31/2018 20:20,LNXPRODAPP02,39.81,GREEN,60,85
8/31/2018 20:25,LNXPRODAPP02,51.49,GREEN,60,85
8/31/2018 20:30,LNXPRODAPP02,35.19,GREEN,60,85
8/31/2018 20:35,LNXPRODAPP02,26.08,GREEN,60,85
8/31/2018 20:40,LNXPRODAPP02,24.02,GREEN,60,85
8/31/2018 20:45,LNXPRODAPP02,46.52,GREEN,60,85
8/31/2018 20:50,LNXPRODAPP02,52.35,GREEN,60,85
8/31/2018 20:55,LNXPRODAPP02,11.84,GREEN,60,85
8/31/2018 21:00,LNXPRODAPP02,33.44,GREEN,60,85
8/31/2018 21:05,LNXPRODAPP02,22.76,GREEN,60,85
8/31/2018 21:10,LNXPRODAPP02,26.47,GREEN,60,85
8/31/2018 21:15,LNXPRODAPP02,20.9,GREEN,60,85
8/31/2018 21:20,LNXPRODAPP02,52.8,GREEN,60,85
8/31/2018 21:25,LNXPRODAPP02,14.9,GREEN,60,85
8/31/2018 21:30,LNXPRODAPP02,19.7,GREEN,60,85
8/31/2018 21:35,LNXPRODAPP02,18.39,GREEN,60,85
8/31/2018 21:40,LNXPRODAPP02,25.93,GREEN,60,85
8/31/2018 21:45,LNXPRODAPP02,30.53,GREEN,60,85
8/31/2018 21:50,LNXPRODAPP02,44.83,GREEN,60,85
8/31/2018 21:55,LNXPRODAPP02,43.63,GREEN,60,85
8/31/2018 22:00,LNXPRODAPP02,45.38,GREEN,60,85
8/31/2018 22:05,LNXPRODAPP02,23.45,GREEN,60,85
8/31/2018 22:10,LNXPRODAPP02,29.45,GREEN,60,85
8/31/2018 22:15,LNXPRODAPP02,26.95,GREEN,60,85
8/31/2018 22:20,LNXPRODAPP02,38.98,GREEN,60,85
8/31/2018 22:25,LNXPRODAPP02,28.69,GREEN,60,85
8/31/2018 22:30,LNXPRODAPP02,27.93,GREEN,60,85
8/31/2018 22:35,LNXPRODAPP02,36.07,GREEN,60,85
8/31/2018 22:40,LNXPRODAPP02,38.02,GREEN,60,85
8/31/2018 22:45,LNXPRODAPP02,51.68,GREEN,60,85
8/31/2018 22:50,LNXPRODAPP02,26.23,GREEN,60,85
8/31/2018 22:55,LNXPRODAPP02,20.89,GREEN,60,85
8/31/2018 23:00,LNXPRODAPP02,25.67,GREEN,60,85
8/31/2018 23:05,LNXPRODAPP02,18.66,GREEN,60,85
8/31/2018 23:10,LNXPRODAPP02,21.19,GREEN,60,85
8/31/2018 23:15,LNXPRODAPP02,35.18,GREEN,60,85
8/31/2018 23:20,LNXPRODAPP02,48.7,GREEN,60,85
8/31/2018 23:25,LNXPRODAPP02,14,GREEN,60,85
8/31/2018 23:30,LNXPRODAPP02,38.43,GREEN,60,85
8/31/2018 23:35,LNXPRODAPP02,32.33,GREEN,60,85
8/31/2018 23:40,LNXPRODAPP02,33.21,GREEN,60,85
8/31/2018 23:45,LNXPRODAPP02,22.92,GREEN,60,85
8/31/2018 23:50,LNXPRODAPP02,12.37,GREEN,60,85
8/31/2018 23:55,LNXPRODAPP02,48.03,GREEN,60,85
